TabellarischeAuswertung von: 01.11.2023 00:00:00 bis: 20.11.2023 00:00:00;;;;;
Sps_datum;Trocknung-Durchfluss  7A Netz 700.1 [cm/min];Trocknung-Durchfluss  7B Netz 800.1 [cm/min];Trocknung-Durchfluss 7A Netz 700.5 [cm/min];Trocknung-Durchfluss 7A Netz 700.6 [cm/min];Trocknung-Durchfluss 7C Netz 900.1 [cm/min]
01.11.2023 00:00:00;;78,30;;;
01.11.2023 00:00:01;;74,74;;;
01.11.2023 00:00:03;;72,57;;;
01.11.2023 00:00:05;;70,99;;;
01.11.2023 00:00:06;;70,99;;;
01.11.2023 00:00:07;;79,05;;82,44;
01.11.2023 00:00:08;;79,05;;;
01.11.2023 00:00:09;;85,26;;;12,04
01.11.2023 00:00:11;;82,70;;;
01.11.2023 00:00:13;;80,89;;81,36;
01.11.2023 00:00:14;;80,89;;;
01.11.2023 00:00:15;;75,96;;;
01.11.2023 00:00:16;;75,96;;;
01.11.2023 00:00:17;;68,85;;;
01.11.2023 00:00:18;;68,85;;;
01.11.2023 00:00:19;;63,60;;;
01.11.2023 00:00:20;;63,60;;;
01.11.2023 00:00:21;;71,08;;;13,56
01.11.2023 00:00:23;;;;82,58;
01.11.2023 00:00:24;;71,08;;;
01.11.2023 00:00:25;;65,36;;;
01.11.2023 00:00:27;;;;;11,96
01.11.2023 00:00:29;;;48,12;;
01.11.2023 00:00:31;;67,27;;;10,93
01.11.2023 00:00:34;;67,27;;;
01.11.2023 00:00:35;;77,07;;;
01.11.2023 00:00:37;;;;84,22;
01.11.2023 00:00:38;;77,07;;;
01.11.2023 00:00:39;;71,91;;;
01.11.2023 00:00:43;;69,55;;;9,38
01.11.2023 00:00:45;;67,53;;;
01.11.2023 00:00:47;;65,88;49,24;;
01.11.2023 00:00:48;;65,88;;;
01.11.2023 00:00:49;;76,51;;86,04;11,03
01.11.2023 00:00:50;;76,51;;;
01.11.2023 00:00:51;;85,51;50,51;87,86;12,53
01.11.2023 00:00:53;;88,40;;;
01.11.2023 00:00:55;;;;;13,95
01.11.2023 00:00:57;;89,41;;;
01.11.2023 00:00:59;;88,14;51,69;;
01.11.2023 00:01:01;;86,16;;;
01.11.2023 00:01:02;;86,16;;;
01.11.2023 00:01:03;;89,76;;88,88;
01.11.2023 00:01:05;;;;;15,19
01.11.2023 00:01:06;;89,76;;;
01.11.2023 00:01:07;;82,79;;;
01.11.2023 00:01:09;;80,47;50,27;;16,58
01.11.2023 00:01:15;;82,08;;;18,22
01.11.2023 00:01:16;;82,08;;88,88;
01.11.2023 00:01:17;;93,13;;92,90;19,35
01.11.2023 00:01:18;;93,13;;;
01.11.2023 00:01:19;;97,67;51,74;94,76;20,81
01.11.2023 00:01:20;;97,67;;;
01.11.2023 00:01:21;;93,72;;96,32;
01.11.2023 00:01:23;;92,59;53,84;98,42;22,96
01.11.2023 00:01:24;;92,59;;;
01.11.2023 00:01:25;;88,63;55,31;100,04;24,26
01.11.2023 00:01:26;;88,63;;;
01.11.2023 00:01:27;;85,55;;;
01.11.2023 00:01:29;;87,65;;102,44;25,74
01.11.2023 00:01:30;;87,65;;;
01.11.2023 00:01:31;;97,73;56,34;104,92;
01.11.2023 00:01:32;;97,73;;;
01.11.2023 00:01:33;;101,36;;;
01.11.2023 00:01:35;;;57,61;105,98;
01.11.2023 00:01:37;;103,66;;;24,47
01.11.2023 00:01:39;;102,49;;;
01.11.2023 00:01:41;;100,12;;;
01.11.2023 00:01:44;;100,12;;;
01.11.2023 00:01:45;;103,45;;;
01.11.2023 00:01:46;;103,45;;;
01.11.2023 00:01:47;;99,25;;;
01.11.2023 00:01:48;;99,25;;;
01.11.2023 00:01:49;;95,48;;;
01.11.2023 00:01:53;;96,53;;;
01.11.2023 00:01:55;;99,28;;;
01.11.2023 00:01:56;;99,28;;;
01.11.2023 00:01:57;;107,10;;;
01.11.2023 00:01:58;;107,10;;;
01.11.2023 00:01:59;;113,84;;107,74;
01.11.2023 00:02:02;;113,84;;;
01.11.2023 00:02:03;;108,06;;;25,91
01.11.2023 00:02:04;;108,06;;;
01.11.2023 00:02:05;;104,31;;;
01.11.2023 00:02:07;;101,44;;;
01.11.2023 00:02:08;;101,44;;;
01.11.2023 00:02:09;;96,15;56,60;106,10;
01.11.2023 00:02:10;;96,15;;;
01.11.2023 00:02:11;;91,33;;;
01.11.2023 00:02:12;;91,33;;;
01.11.2023 00:02:13;;96,29;;;24,48
01.11.2023 00:02:16;;96,29;;;
01.11.2023 00:02:17;;93,10;;;
01.11.2023 00:02:19;;95,57;;;
01.11.2023 00:02:21;;96,94;;107,82;
01.11.2023 00:02:23;;98,02;;;
01.11.2023 00:02:25;;99,72;;108,87;
01.11.2023 00:02:26;;99,72;;;
01.11.2023 00:02:27;;108,92;;;
01.11.2023 00:02:29;;;;;26,01
01.11.2023 00:02:30;;108,92;;;
01.11.2023 00:02:31;;104,07;57,97;;
01.11.2023 00:02:32;;104,07;;;
01.11.2023 00:02:33;;95,48;59,03;106,95;27,86
01.11.2023 00:02:34;;95,48;;;
01.11.2023 00:02:35;;88,18;;105,83;
01.11.2023 00:02:37;;86,86;;;29,18
01.11.2023 00:02:38;;86,86;;;
01.11.2023 00:02:39;;97,59;;;
01.11.2023 00:02:40;;97,59;;;
01.11.2023 00:02:41;;105,67;;107,35;
01.11.2023 00:02:43;;107,88;;;
01.11.2023 00:02:45;;106,15;;105,99;
01.11.2023 00:02:47;;;;104,74;27,89
01.11.2023 00:02:48;;106,15;;;
01.11.2023 00:02:49;;97,05;56,42;102,24;
01.11.2023 00:02:50;;97,05;;102,24;
01.11.2023 00:02:51;;90,42;54,21;99,09;
01.11.2023 00:02:53;;92,20;;97,67;
01.11.2023 00:02:57;;;;96,41;
01.11.2023 00:02:59;;94,39;;;
01.11.2023 00:03:00;;94,39;;;
01.11.2023 00:03:01;;99,62;52,80;;29,02
01.11.2023 00:03:06;;99,62;;;
01.11.2023 00:03:07;;107,97;;;30,20
01.11.2023 00:03:10;;107,97;;;
01.11.2023 00:03:11;;101,83;;94,85;
01.11.2023 00:03:12;;101,83;;;
01.11.2023 00:03:13;;93,73;;93,22;31,25
01.11.2023 00:03:14;;93,73;;;
01.11.2023 00:03:15;;89,70;51,26;;
01.11.2023 00:03:17;;87,38;;91,19;
01.11.2023 00:03:19;;89,23;;;32,92
01.11.2023 00:03:20;;89,23;;;
01.11.2023 00:03:21;;98,15;;;
01.11.2023 00:03:22;;98,15;;;
01.11.2023 00:03:23;;107,89;;93,32;33,96
01.11.2023 00:03:26;;107,89;;;
01.11.2023 00:03:27;;103,16;;;
01.11.2023 00:03:28;;103,16;;;
01.11.2023 00:03:29;;99,98;49,33;92,13;
01.11.2023 00:03:30;;99,98;;;
01.11.2023 00:03:31;;93,19;;90,91;
01.11.2023 00:03:32;;93,19;;;
01.11.2023 00:03:33;;87,24;;89,59;
01.11.2023 00:03:36;;87,24;;;
01.11.2023 00:03:37;;92,89;50,92;90,78;
01.11.2023 00:03:39;;91,54;;;
01.11.2023 00:03:41;;89,01;;;35,08
01.11.2023 00:03:42;;89,01;;;
01.11.2023 00:03:43;;92,82;52,60;;
01.11.2023 00:03:45;;;51,35;;36,80
01.11.2023 00:03:47;;94,49;;;
01.11.2023 00:03:48;;94,49;;;
01.11.2023 00:03:49;;100,22;;;
01.11.2023 00:03:50;;100,22;;;
01.11.2023 00:03:51;;109,24;;;
01.11.2023 00:03:53;;;52,49;92,14;
01.11.2023 00:03:54;;109,24;;;
01.11.2023 00:03:55;;103,31;51,26;;
01.11.2023 00:03:56;;103,31;;;
01.11.2023 00:03:57;;100,26;52,45;;35,79
01.11.2023 00:03:58;;100,26;;;
01.11.2023 00:03:59;;93,61;;;
01.11.2023 00:04:01;;90,75;;90,69;
01.11.2023 00:04:02;;90,75;;;
01.11.2023 00:04:03;;97,08;;;
01.11.2023 00:04:04;;97,08;;;
01.11.2023 00:04:05;;103,91;;92,72;
01.11.2023 00:04:09;;102,26;50,44;91,18;
01.11.2023 00:04:10;;102,26;;;
01.11.2023 00:04:11;;98,68;;;
01.11.2023 00:04:13;;95,86;;;
01.11.2023 00:04:15;;94,22;;;
01.11.2023 00:04:16;;94,22;;;
01.11.2023 00:04:17;;91,02;;;
01.11.2023 00:04:18;;91,02;;;
01.11.2023 00:04:19;;87,93;49,36;;37,42
01.11.2023 00:04:20;;87,93;;;
01.11.2023 00:04:21;;91,04;;90,14;
01.11.2023 00:04:23;;93,56;;;
01.11.2023 00:04:25;;91,06;;;
01.11.2023 00:04:27;;89,60;;;
01.11.2023 00:04:29;;92,37;;;
01.11.2023 00:04:34;;92,37;;;
01.11.2023 00:04:35;;101,22;;;
01.11.2023 00:04:36;;101,22;;;
01.11.2023 00:04:37;;107,21;50,57;91,20;38,50
01.11.2023 00:04:38;;107,21;;;
01.11.2023 00:04:39;;104,04;;;
01.11.2023 00:04:40;;104,04;;;
01.11.2023 00:04:41;;97,11;49,25;89,88;
01.11.2023 00:04:42;;97,11;;;
01.11.2023 00:04:43;;91,41;;;
01.11.2023 00:04:44;;91,41;;;
01.11.2023 00:04:45;;83,36;50,49;88,69;
01.11.2023 00:04:47;;81,50;;;
01.11.2023 00:04:48;;81,50;;;
01.11.2023 00:04:49;;85,69;;;
01.11.2023 00:04:50;;85,69;;;
01.11.2023 00:04:51;;97,39;;90,28;
01.11.2023 00:04:57;;;;;40,10
01.11.2023 00:04:58;;97,39;;;
01.11.2023 00:04:59;;93,85;;;
01.11.2023 00:05:00;;93,85;;;
01.11.2023 00:05:01;;89,52;;89,20;
01.11.2023 00:05:03;;86,75;49,37;;
01.11.2023 00:05:04;;86,75;;;
01.11.2023 00:05:05;;90,83;50,40;;
01.11.2023 00:05:11;;92,68;;;
01.11.2023 00:05:15;;95,10;;;
01.11.2023 00:05:16;;95,10;;;
01.11.2023 00:05:17;;98,48;51,96;;39,08
01.11.2023 00:05:18;;98,48;;;
01.11.2023 00:05:19;;106,65;;91,81;
01.11.2023 00:05:22;;106,65;;;
01.11.2023 00:05:23;;100,27;;90,72;
01.11.2023 00:05:24;;100,27;;;
01.11.2023 00:05:25;;93,17;50,92;;
01.11.2023 00:05:26;;93,17;;;
01.11.2023 00:05:27;;86,18;;;
01.11.2023 00:05:29;;83,69;;;
01.11.2023 00:05:30;;83,69;;;
01.11.2023 00:05:31;;89,86;;;
01.11.2023 00:05:32;;89,86;;;
01.11.2023 00:05:33;;98,86;52,02;93,55;
01.11.2023 00:05:35;;101,07;;;
01.11.2023 00:05:37;;98,12;;;40,17
01.11.2023 00:05:39;;96,78;;;41,50
01.11.2023 00:05:40;;96,78;;;
01.11.2023 00:05:41;;91,02;;;42,73
01.11.2023 00:05:42;;91,02;;;
01.11.2023 00:05:43;;84,44;;;
01.11.2023 00:05:45;;86,15;;;44,27
01.11.2023 00:05:47;;;;94,86;
01.11.2023 00:05:49;;87,63;50,64;;45,88
01.11.2023 00:05:51;;89,38;;;
01.11.2023 00:05:53;;92,34;52,08;;
01.11.2023 00:05:55;;94,76;;95,88;
01.11.2023 00:05:57;;;53,43;;
01.11.2023 00:05:58;;94,76;;;
01.11.2023 00:05:59;;100,64;;96,97;43,65
01.11.2023 00:06:01;;98,25;;;42,27
01.11.2023 00:06:02;;98,25;;;
01.11.2023 00:06:03;;90,34;;95,92;
01.11.2023 00:06:04;;90,34;;;
01.11.2023 00:06:05;;83,07;52,10;94,82;40,58
01.11.2023 00:06:06;;83,07;;;
01.11.2023 00:06:07;;78,00;;;
01.11.2023 00:06:10;;78,00;;;
01.11.2023 00:06:11;;81,05;53,36;95,92;38,28
01.11.2023 00:06:12;;81,05;;;
01.11.2023 00:06:13;;93,99;;;
01.11.2023 00:06:14;;93,99;;;
01.11.2023 00:06:15;;102,28;;98,55;36,96
01.11.2023 00:06:17;;104,32;;;
01.11.2023 00:06:19;;101,87;;;
01.11.2023 00:06:20;;101,87;;;
01.11.2023 00:06:21;;97,75;;;
01.11.2023 00:06:22;;97,75;;;
01.11.2023 00:06:23;;91,02;;;
01.11.2023 00:06:24;;91,02;;;
01.11.2023 00:06:25;;84,75;;96,97;
01.11.2023 00:06:26;;84,75;;;
01.11.2023 00:06:27;;90,11;;;35,70
01.11.2023 00:06:29;;92,45;;98,61;33,57
01.11.2023 00:06:31;;93,80;54,82;;32,41
01.11.2023 00:06:33;;;;;31,02
01.11.2023 00:06:35;;96,38;;99,66;
01.11.2023 00:06:37;;98,38;;;29,87
01.11.2023 00:06:41;;101,12;;;28,82
01.11.2023 00:06:43;;102,48;;;
01.11.2023 00:06:44;;102,48;;;
01.11.2023 00:06:45;;96,03;;;27,19
01.11.2023 00:06:46;;96,03;;;
01.11.2023 00:06:47;;86,19;;;
01.11.2023 00:06:49;;83,59;;;
01.11.2023 00:06:53;;85,68;;;
01.11.2023 00:06:54;;85,68;;;
01.11.2023 00:06:55;;90,86;;101,59;26,11
01.11.2023 00:06:56;;90,86;;;
01.11.2023 00:06:57;;106,19;;103,62;
01.11.2023 00:06:59;;107,43;;;
01.11.2023 00:07:00;;107,43;;;
01.11.2023 00:07:01;;104,37;;102,49;
01.11.2023 00:07:02;;104,37;;;
01.11.2023 00:07:03;;97,74;;101,38;24,91
01.11.2023 00:07:04;;97,74;;;
01.11.2023 00:07:05;;91,31;;;
01.11.2023 00:07:06;;91,31;;;
01.11.2023 00:07:07;;86,06;;99,94;
01.11.2023 00:07:08;;86,06;;;
01.11.2023 00:07:09;;89,63;;100,98;
01.11.2023 00:07:11;;;55,97;;
01.11.2023 00:07:12;;89,63;;;
01.11.2023 00:07:13;;85,70;54,96;99,93;
01.11.2023 00:07:15;;84,42;;98,43;
01.11.2023 00:07:17;NaN;83,29;54,29;97,79;24,29
01.11.2023 00:07:19;;84,77;;;
01.11.2023 00:07:20;;84,77;;;
01.11.2023 00:07:21;;88,40;;96,19;
01.11.2023 00:07:22;;88,40;;;
01.11.2023 00:07:23;;100,43;;98,05;23,11
01.11.2023 00:07:24;;100,43;;;
01.11.2023 00:07:25;;105,43;;;
01.11.2023 00:07:27;;;;;21,69
01.11.2023 00:07:29;;102,69;;;
01.11.2023 00:07:30;;102,69;;;
01.11.2023 00:07:31;;99,36;52,38;96,36;
01.11.2023 00:07:32;;99,36;;;
01.11.2023 00:07:33;;95,70;;;20,59
01.11.2023 00:07:34;;95,70;;;
01.11.2023 00:07:35;;92,61;;94,28;
01.11.2023 00:07:36;;92,61;;;
01.11.2023 00:07:37;;97,05;;;21,89
01.11.2023 00:07:39;;95,34;53,47;;
01.11.2023 00:07:40;;95,34;;;
01.11.2023 00:07:41;;90,44;;;23,24
01.11.2023 00:07:43;;;52,28;;
01.11.2023 00:07:45;;91,49;;;
01.11.2023 00:07:48;;91,49;;;
01.11.2023 00:07:49;;94,87;;;
01.11.2023 00:07:50;;94,87;;;
01.11.2023 00:07:51;;102,67;;;21,93
01.11.2023 00:07:53;;104,63;53,43;95,51;
01.11.2023 00:07:55;;103,30;;;20,52
01.11.2023 00:07:56;;103,30;;;
01.11.2023 00:07:57;;98,52;51,80;92,93;
01.11.2023 00:07:59;;95,61;;;
01.11.2023 00:08:00;;95,61;;;
01.11.2023 00:08:01;;88,08;50,00;90,34;
01.11.2023 00:08:02;;88,08;;;
01.11.2023 00:08:03;;81,07;;;
01.11.2023 00:08:06;;81,07;;;
01.11.2023 00:08:07;;90,49;51,31;;
01.11.2023 00:08:09;;91,54;;;19,27
01.11.2023 00:08:11;;;50,10;;
01.11.2023 00:08:13;;94,39;;;
01.11.2023 00:08:18;;94,39;;;
01.11.2023 00:08:19;;97,69;;;
01.11.2023 00:08:21;;98,99;;91,71;
01.11.2023 00:08:22;;98,99;;;
01.11.2023 00:08:23;;90,26;;90,61;18,11
01.11.2023 00:08:24;;90,26;;;
01.11.2023 00:08:25;;83,74;48,82;89,44;
01.11.2023 00:08:26;;83,74;;;
01.11.2023 00:08:27;;76,30;;;
01.11.2023 00:08:28;;76,30;;;
01.11.2023 00:08:29;;71,64;;88,28;
01.11.2023 00:08:32;;71,64;;;
01.11.2023 00:08:33;;83,98;49,95;90,66;
01.11.2023 00:08:34;;83,98;;;
01.11.2023 00:08:35;;92,27;51,40;91,69;
01.11.2023 00:08:36;;92,27;;;
01.11.2023 00:08:37;;96,06;;;
01.11.2023 00:08:39;;98,18;;;
01.11.2023 00:08:41;;97,15;;92,82;
01.11.2023 00:08:42;;97,15;;;
01.11.2023 00:08:43;;93,52;52,46;;16,41
01.11.2023 00:08:44;;93,52;;;
01.11.2023 00:08:45;;87,86;;;
01.11.2023 00:08:46;;87,86;;;
01.11.2023 00:08:47;;80,73;;;
01.11.2023 00:08:48;;80,73;;;
01.11.2023 00:08:49;;74,44;51,26;;
01.11.2023 00:08:50;;74,44;;;
01.11.2023 00:08:51;;70,93;;91,70;
01.11.2023 00:08:53;;73,84;;;
01.11.2023 00:08:54;;73,84;;;
01.11.2023 00:08:55;;78,90;;92,90;
01.11.2023 00:08:56;;78,90;;;
01.11.2023 00:08:57;;83,84;;;
01.11.2023 00:08:58;;83,84;;;
01.11.2023 00:08:59;;89,60;;;
01.11.2023 00:09:01;;91,11;;94,32;
01.11.2023 00:09:03;;88,24;52,65;;
01.11.2023 00:09:04;;88,24;;;
01.11.2023 00:09:05;;83,38;;;
01.11.2023 00:09:06;;83,38;;;
01.11.2023 00:09:07;;77,95;51,40;;
01.11.2023 00:09:08;;77,95;;;
01.11.2023 00:09:09;;72,12;;93,07;
01.11.2023 00:09:11;;70,98;;92,00;
01.11.2023 00:09:12;;70,98;;;
01.11.2023 00:09:13;;75,19;;;
01.11.2023 00:09:14;;75,19;;;
01.11.2023 00:09:15;;80,85;52,70;93,02;
01.11.2023 00:09:16;;80,85;;;
01.11.2023 00:09:17;;89,20;;;
01.11.2023 00:09:19;;91,43;53,92;94,07;
01.11.2023 00:09:21;;;52,41;;
01.11.2023 00:09:23;;89,64;;95,50;
01.11.2023 00:09:24;;89,64;;;
01.11.2023 00:09:25;;86,39;;;
01.11.2023 00:09:26;;86,39;;;
01.11.2023 00:09:27;;81,72;;;15,28
01.11.2023 00:09:28;;81,72;;;
01.11.2023 00:09:29;;77,07;;;
01.11.2023 00:09:31;;75,50;53,80;;
01.11.2023 00:09:33;;77,49;;96,60;
01.11.2023 00:09:34;;77,49;;;
01.11.2023 00:09:35;;83,29;;;14,03
01.11.2023 00:09:37;;85,90;;98,46;
01.11.2023 00:09:39;;87,77;54,93;;
01.11.2023 00:09:41;;89,47;;101,20;
01.11.2023 00:09:43;;87,97;;;
01.11.2023 00:09:44;;87,97;;;
01.11.2023 00:09:45;;84,33;;;
01.11.2023 00:09:46;;84,33;;;
01.11.2023 00:09:47;;77,23;;;
01.11.2023 00:09:48;;77,23;;;
01.11.2023 00:09:49;;71,00;53,61;99,73;
01.11.2023 00:09:52;;71,00;;;
01.11.2023 00:09:53;;77,62;;;
01.11.2023 00:09:54;;77,62;;;
01.11.2023 00:09:55;;83,37;55,06;101,69;
01.11.2023 00:09:56;;83,37;;;
01.11.2023 00:09:57;;87,69;;103,10;
01.11.2023 00:09:59;;89,74;56,96;104,66;
01.11.2023 00:10:02;;89,74;;;
01.11.2023 00:10:03;;86,60;;;
01.11.2023 00:10:04;;86,60;;;
01.11.2023 00:10:05;;82,69;55,83;;
01.11.2023 00:10:06;;82,69;;;
01.11.2023 00:10:07;;77,08;;103,35;
01.11.2023 00:10:09;;75,88;;;
01.11.2023 00:10:10;;75,88;;;
01.11.2023 00:10:11;;80,07;;;
01.11.2023 00:10:12;;80,07;;;
01.11.2023 00:10:13;;84,06;;;
01.11.2023 00:10:14;;84,06;;;
01.11.2023 00:10:15;;89,85;;;
01.11.2023 00:10:16;;89,85;;;
01.11.2023 00:10:17;;93,82;;;
01.11.2023 00:10:19;;95,28;57,02;104,47;
01.11.2023 00:10:21;;94,22;55,89;103,27;
01.11.2023 00:10:23;;92,57;;101,79;
01.11.2023 00:10:24;;92,57;;;
01.11.2023 00:10:25;;88,39;;100,41;15,59
01.11.2023 00:10:27;;85,87;;;
01.11.2023 00:10:29;;86,89;;;
01.11.2023 00:10:30;;86,89;;;
01.11.2023 00:10:31;;90,25;54,51;;16,73
01.11.2023 00:10:32;;90,25;;;
01.11.2023 00:10:33;;95,54;;;
01.11.2023 00:10:34;;95,54;;;
01.11.2023 00:10:35;;99,37;;;
01.11.2023 00:10:37;;101,53;;;
01.11.2023 00:10:39;;;;98,90;
01.11.2023 00:10:41;;100,34;;97,58;
01.11.2023 00:10:42;;100,34;;;
01.11.2023 00:10:43;;94,66;;;
01.11.2023 00:10:44;;94,66;;;
01.11.2023 00:10:45;;89,37;52,93;95,97;15,52
01.11.2023 00:10:47;;88,16;;94,88;
01.11.2023 00:10:48;;88,16;;;
01.11.2023 00:10:49;;93,90;;;
01.11.2023 00:10:50;;93,90;;;
01.11.2023 00:10:51;;103,39;;95,97;
01.11.2023 00:10:52;;103,39;;;
01.11.2023 00:10:53;;108,84;;;
01.11.2023 00:10:55;;109,84;;;14,48
01.11.2023 00:10:56;;109,84;;;
01.11.2023 00:10:57;;113,76;;;
01.11.2023 00:10:59;;110,83;;;
01.11.2023 00:11:00;;110,83;;;
01.11.2023 00:11:01;;106,48;;;
01.11.2023 00:11:03;;105,45;;94,82;
01.11.2023 00:11:05;;102,75;;;
01.11.2023 00:11:06;;102,75;;;
01.11.2023 00:11:07;;97,63;;;
01.11.2023 00:11:09;;96,46;51,90;;
01.11.2023 00:11:11;;99,45;;;
01.11.2023 00:11:13;;101,14;;95,98;
01.11.2023 00:11:15;;104,01;;;
01.11.2023 00:11:16;;104,01;;;
01.11.2023 00:11:17;;109,54;;;
01.11.2023 00:11:18;;109,54;;;
01.11.2023 00:11:19;;116,91;53,01;97,83;13,47
01.11.2023 00:11:20;;116,91;;;
01.11.2023 00:11:21;;106,09;;;
01.11.2023 00:11:22;;106,09;;;
01.11.2023 00:11:23;;97,70;;96,14;
01.11.2023 00:11:24;;97,70;;;
01.11.2023 00:11:25;;90,10;;;
01.11.2023 00:11:27;;87,73;;;
01.11.2023 00:11:29;;89,46;;;
01.11.2023 00:11:30;;89,46;;;
01.11.2023 00:11:31;;92,82;;;14,69
01.11.2023 00:11:32;;92,82;;;
01.11.2023 00:11:33;;96,10;;;
01.11.2023 00:11:34;;96,10;;;
01.11.2023 00:11:35;;99,81;;;
01.11.2023 00:11:37;;101,19;;;
01.11.2023 00:11:39;;98,51;;;
01.11.2023 00:11:40;;98,51;;;
01.11.2023 00:11:41;;95,28;;;
01.11.2023 00:11:42;;95,28;;;
01.11.2023 00:11:43;;90,92;;94,52;
01.11.2023 00:11:45;;88,78;;;
01.11.2023 00:11:47;;90,21;;;
01.11.2023 00:11:49;;92,47;;;
01.11.2023 00:11:50;;92,47;;;
01.11.2023 00:11:51;;96,29;;;15,73
01.11.2023 00:11:52;;96,29;;;
01.11.2023 00:11:53;;100,09;;95,53;
01.11.2023 00:11:55;;102,02;;;
01.11.2023 00:11:57;;100,41;;;
01.11.2023 00:11:58;;100,41;;;
01.11.2023 00:11:59;;95,93;;;
01.11.2023 00:12:00;;95,93;;;
01.11.2023 00:12:01;;90,59;;93,80;
01.11.2023 00:12:02;;90,59;;;
01.11.2023 00:12:03;;84,81;;;
01.11.2023 00:12:05;;83,00;51,90;92,54;
01.11.2023 00:12:09;;85,95;;93,54;
01.11.2023 00:12:10;;85,95;;;
01.11.2023 00:12:11;;91,83;;;
01.11.2023 00:12:12;;91,83;;;
01.11.2023 00:12:13;;95,99;;;
01.11.2023 00:12:15;;97,03;;;
01.11.2023 00:12:18;;97,03;;;
01.11.2023 00:12:19;;91,93;;;
01.11.2023 00:12:20;;91,93;;;
01.11.2023 00:12:21;;87,63;;92,39;
01.11.2023 00:12:22;;87,63;;;
01.11.2023 00:12:23;;81,56;;;
01.11.2023 00:12:25;;78,84;;;16,83
01.11.2023 00:12:27;;81,72;;;
01.11.2023 00:12:28;;81,72;;;
01.11.2023 00:12:29;;85,11;;;
01.11.2023 00:12:30;;85,11;;;
01.11.2023 00:12:31;;89,99;;;
01.11.2023 00:12:33;;92,71;;;
01.11.2023 00:12:35;;94,42;;;15,76
01.11.2023 00:12:37;;92,74;;;
01.11.2023 00:12:38;;92,74;;;
01.11.2023 00:12:39;;88,97;;90,60;
01.11.2023 00:12:40;;88,97;;;
01.11.2023 00:12:41;;84,60;50,31;89,03;
01.11.2023 00:12:42;;84,60;;;
01.11.2023 00:12:43;;81,10;;;
01.11.2023 00:12:45;;82,84;;87,42;
01.11.2023 00:12:46;;82,84;;;
01.11.2023 00:12:47;;89,98;;;
01.11.2023 00:12:48;;89,98;;;
01.11.2023 00:12:49;;94,45;;;
01.11.2023 00:12:50;;94,45;;;
01.11.2023 00:12:51;;98,77;;;
01.11.2023 00:12:53;;100,46;;88,67;
01.11.2023 00:12:55;;;;;14,60
01.11.2023 00:12:56;;100,46;;;
01.11.2023 00:12:57;;95,85;;;
01.11.2023 00:12:58;;95,85;;;
01.11.2023 00:12:59;;90,45;49,14;87,63;
01.11.2023 00:13:00;;90,45;;;
01.11.2023 00:13:01;;84,43;;86,49;
01.11.2023 00:13:03;;81,63;;85,33;
01.11.2023 00:13:05;;84,53;;;
01.11.2023 00:13:06;;84,53;;;
01.11.2023 00:13:07;;87,54;;87,02;
01.11.2023 00:13:08;;87,54;;;
01.11.2023 00:13:09;;90,59;;88,28;
01.11.2023 00:13:11;;93,52;;;
01.11.2023 00:13:13;;95,03;50,67;;
01.11.2023 00:13:15;;92,17;;;
01.11.2023 00:13:16;;92,17;;;
01.11.2023 00:13:17;;88,81;;86,82;
01.11.2023 00:13:18;;88,81;;;
01.11.2023 00:13:19;;82,98;;;
01.11.2023 00:13:20;;82,98;;;
01.11.2023 00:13:21;;74,77;49,03;84,99;
01.11.2023 00:13:22;;74,77;;;
01.11.2023 00:13:23;;69,75;;83,94;
01.11.2023 00:13:25;;67,04;46,90;;
01.11.2023 00:13:26;;67,04;;;
01.11.2023 00:13:27;;72,57;;;
01.11.2023 00:13:28;;72,57;;;
01.11.2023 00:13:29;;79,81;;;
01.11.2023 00:13:30;;79,81;;;
01.11.2023 00:13:31;;88,67;;85,80;
01.11.2023 00:13:32;;88,67;;;
01.11.2023 00:13:33;;92,68;48,49;;
01.11.2023 00:13:35;;94,97;;87,36;15,61
01.11.2023 00:13:39;;97,35;50,14;;
01.11.2023 00:13:41;;98,87;;;
01.11.2023 00:13:42;;98,87;;;
01.11.2023 00:13:43;;93,81;;;
01.11.2023 00:13:44;;93,81;;;
01.11.2023 00:13:45;;90,22;;85,85;
01.11.2023 00:13:47;;87,78;;;
01.11.2023 00:13:49;;;48,77;;
01.11.2023 00:13:50;;87,78;;;
01.11.2023 00:13:51;;84,56;;;
01.11.2023 00:13:53;;82,60;;;
01.11.2023 00:13:54;;82,60;;;
01.11.2023 00:13:55;;90,18;;;
01.11.2023 00:13:56;;90,18;;;
01.11.2023 00:13:57;;94,41;;;
01.11.2023 00:13:59;;96,42;49,87;;
01.11.2023 00:14:01;;98,14;;;
01.11.2023 00:14:05;;97,11;;;
01.11.2023 00:14:08;;97,11;;;
01.11.2023 00:14:09;;105,02;;87,96;
01.11.2023 00:14:12;;105,02;;;
01.11.2023 00:14:13;;98,77;48,82;;
01.11.2023 00:14:14;;98,77;;;
01.11.2023 00:14:15;;92,59;;86,37;
01.11.2023 00:14:17;;90,95;;;
01.11.2023 00:14:19;;91,99;;;
01.11.2023 00:14:23;;;49,95;;
01.11.2023 00:14:25;;;;;14,60
01.11.2023 00:14:29;;89,29;;;
01.11.2023 00:14:30;;89,29;;;
01.11.2023 00:14:31;;85,23;;;
01.11.2023 00:14:32;;85,23;;;
01.11.2023 00:14:33;;77,10;48,08;84,78;
01.11.2023 00:14:34;;77,10;;;
01.11.2023 00:14:35;;72,31;;82,06;16,09
01.11.2023 00:14:37;;;46,36;79,44;
01.11.2023 00:14:38;;72,31;;;
01.11.2023 00:14:39;;76,56;;;18,29
01.11.2023 00:14:40;;76,56;;;
01.11.2023 00:14:41;;79,60;;;
01.11.2023 00:14:43;;80,83;;77,66;
01.11.2023 00:14:45;;82,53;;;
01.11.2023 00:14:47;;84,39;;;
01.11.2023 00:14:50;;84,39;;;
01.11.2023 00:14:51;;78,76;;76,45;
01.11.2023 00:14:52;;78,76;;;
01.11.2023 00:14:53;;74,63;44,94;;17,26
01.11.2023 00:14:55;;71,67;;;
01.11.2023 00:14:57;;73,79;;;
01.11.2023 00:14:59;;76,39;;;
01.11.2023 00:15:01;;78,73;;77,53;
01.11.2023 00:15:03;;80,48;;;16,02
01.11.2023 00:15:05;;82,51;;78,90;
01.11.2023 00:15:07;;83,73;;;
01.11.2023 00:15:08;;83,73;;;
01.11.2023 00:15:09;;80,59;;80,76;
01.11.2023 00:15:10;;80,59;;;
01.11.2023 00:15:11;;77,21;46,72;;
01.11.2023 00:15:12;;77,21;;;
01.11.2023 00:15:13;;71,64;;;
01.11.2023 00:15:15;;70,01;;;
01.11.2023 00:15:18;;70,01;;;
01.11.2023 00:15:19;;73,49;;;
01.11.2023 00:15:21;;74,93;47,84;81,93;
01.11.2023 00:15:22;;74,93;;;
01.11.2023 00:15:23;;77,99;;;
01.11.2023 00:15:25;;80,88;;;
01.11.2023 00:15:27;;82,69;;;
01.11.2023 00:15:29;;80,04;;;
01.11.2023 00:15:30;;80,04;;;
01.11.2023 00:15:31;;76,72;;;
01.11.2023 00:15:33;;74,57;;;
01.11.2023 00:15:34;;74,57;;;
01.11.2023 00:15:35;;69,46;46,61;;
01.11.2023 00:15:37;;70,62;47,68;;
01.11.2023 00:15:38;;70,62;;;
01.11.2023 00:15:39;;78,37;48,71;83,55;
01.11.2023 00:15:40;;78,37;;;
01.11.2023 00:15:41;;88,38;49,83;85,20;
01.11.2023 00:15:43;;90,73;;;14,90
01.11.2023 00:15:45;;;;86,33;
01.11.2023 00:15:47;;89,63;;87,90;
01.11.2023 00:15:48;;89,63;;;
01.11.2023 00:15:49;;83,07;;;
01.11.2023 00:15:50;;83,07;;;
01.11.2023 00:15:51;;79,40;;;15,95
01.11.2023 00:15:52;;79,40;;;
01.11.2023 00:15:53;;86,16;51,81;90,04;
01.11.2023 00:15:54;;86,16;;;
01.11.2023 00:15:55;;90,27;;91,42;
01.11.2023 00:15:57;;91,42;;;
01.11.2023 00:15:59;;93,20;;;
01.11.2023 00:16:01;;94,50;;;
01.11.2023 00:16:03;;93,28;50,73;;
01.11.2023 00:16:05;;95,13;;;
01.11.2023 00:16:06;;95,13;;;
01.11.2023 00:16:07;;100,97;;;
01.11.2023 00:16:09;;98,17;52,22;;
01.11.2023 00:16:10;;98,17;;;
01.11.2023 00:16:11;;90,72;;;
01.11.2023 00:16:12;;90,72;;;
01.11.2023 00:16:13;;87,15;;89,82;
01.11.2023 00:16:15;;;50,76;;
01.11.2023 00:16:18;;87,15;;;
01.11.2023 00:16:19;;90,83;;90,86;
01.11.2023 00:16:20;;90,83;;;
01.11.2023 00:16:21;;98,35;;92,93;
01.11.2023 00:16:23;;;52,66;;
01.11.2023 00:16:24;;98,35;;;
01.11.2023 00:16:25;;90,31;;;
01.11.2023 00:16:26;;90,31;;;
01.11.2023 00:16:27;;83,33;;91,72;14,81
01.11.2023 00:16:28;;83,33;;;
01.11.2023 00:16:29;;77,85;;90,54;
01.11.2023 00:16:30;;77,85;;;
01.11.2023 00:16:31;;74,28;;;
01.11.2023 00:16:33;;;51,49;89,39;16,02
01.11.2023 00:16:34;;74,28;;;
01.11.2023 00:16:35;;78,39;;;
01.11.2023 00:16:36;;78,39;;;
01.11.2023 00:16:37;;82,44;;;
01.11.2023 00:16:39;;;50,27;90,66;
01.11.2023 00:16:43;;80,98;;;
01.11.2023 00:16:45;;79,55;;;
01.11.2023 00:16:47;;76,92;;;
01.11.2023 00:16:49;;74,29;51,29;;
01.11.2023 00:16:51;;73,17;;89,00;17,09
01.11.2023 00:16:53;;74,27;;;
01.11.2023 00:16:54;;74,27;;;
01.11.2023 00:16:55;;80,78;;;
01.11.2023 00:16:56;;80,78;;;
01.11.2023 00:16:57;;84,22;;;
01.11.2023 00:16:58;;84,22;;;
01.11.2023 00:16:59;;87,33;;90,61;
01.11.2023 00:17:01;;88,89;;91,74;
01.11.2023 00:17:05;;85,91;;;
01.11.2023 00:17:06;;85,91;;;
01.11.2023 00:17:07;;82,64;52,73;;
01.11.2023 00:17:08;;82,64;;;
01.11.2023 00:17:09;;79,55;;;15,90
01.11.2023 00:17:11;;77,48;;;
01.11.2023 00:17:13;;79,92;;;
01.11.2023 00:17:14;;79,92;;;
01.11.2023 00:17:15;;83,96;;92,92;
01.11.2023 00:17:17;;86,11;;;
01.11.2023 00:17:19;;;;94,16;
01.11.2023 00:17:22;;86,11;;;
01.11.2023 00:17:23;;81,58;;;14,78
01.11.2023 00:17:24;;81,58;;;
01.11.2023 00:17:25;;76,18;51,24;;
01.11.2023 00:17:26;;76,18;;;
01.11.2023 00:17:27;;70,74;;92,73;
01.11.2023 00:17:29;;68,52;;91,41;
01.11.2023 00:17:31;;70,76;;;13,71
01.11.2023 00:17:32;;70,76;;;
01.11.2023 00:17:33;;74,12;;92,42;
01.11.2023 00:17:34;;74,12;;;
01.11.2023 00:17:35;;77,58;;;
01.11.2023 00:17:37;;79,22;52,76;94,35;
01.11.2023 00:17:39;;;;95,45;
01.11.2023 00:17:41;;81,13;54,37;96,99;
01.11.2023 00:17:42;;81,13;;;
01.11.2023 00:17:43;;76,36;;;
01.11.2023 00:17:44;;76,36;;;
01.11.2023 00:17:45;;70,23;;95,93;
01.11.2023 00:17:46;;70,23;;;
01.11.2023 00:17:47;;65,60;;;
01.11.2023 00:17:48;;65,60;;;
01.11.2023 00:17:49;;76,30;;97,39;
01.11.2023 00:17:50;;76,30;;;
01.11.2023 00:17:51;;84,69;;98,82;
01.11.2023 00:17:52;;84,69;;;
01.11.2023 00:17:53;;87,72;;;
01.11.2023 00:17:59;;;;97,81;12,64
01.11.2023 00:18:00;;87,72;;;
01.11.2023 00:18:01;;84,31;;;
01.11.2023 00:18:02;;84,31;;;
01.11.2023 00:18:03;;77,32;53,37;96,42;
01.11.2023 00:18:05;;75,49;;;
01.11.2023 00:18:07;;;;94,37;13,69
01.11.2023 00:18:08;;75,49;;;
01.11.2023 00:18:09;;81,15;51,71;;
01.11.2023 00:18:10;;81,15;;;
01.11.2023 00:18:11;;84,57;;;15,08
01.11.2023 00:18:12;;84,57;;;
01.11.2023 00:18:13;;90,24;;;
01.11.2023 00:18:14;;90,24;;;
01.11.2023 00:18:15;;94,69;;;
01.11.2023 00:18:16;;94,69;;;
01.11.2023 00:18:17;;97,74;53,11;;
01.11.2023 00:18:19;;98,86;;;
01.11.2023 00:18:22;;98,86;;;
01.11.2023 00:18:23;;92,97;51,96;;
01.11.2023 00:18:24;;92,97;;;
01.11.2023 00:18:25;;88,25;;92,63;
01.11.2023 00:18:26;;88,25;;;
01.11.2023 00:18:27;;82,09;;90,99;16,66
01.11.2023 00:18:29;;80,64;50,61;;
01.11.2023 00:18:30;;80,64;;;
01.11.2023 00:18:31;;84,73;;;18,00
01.11.2023 00:18:32;;84,73;;;
01.11.2023 00:18:33;;89,48;52,07;;
01.11.2023 00:18:34;;89,48;;;
01.11.2023 00:18:35;;93,78;;;
01.11.2023 00:18:37;;96,47;;;
01.11.2023 00:18:39;;94,07;;;
01.11.2023 00:18:40;;94,07;;;
01.11.2023 00:18:41;;88,98;50,78;;
01.11.2023 00:18:42;;88,98;;;
01.11.2023 00:18:43;;82,86;;;
01.11.2023 00:18:44;;82,86;;;
01.11.2023 00:18:45;;75,93;;;
01.11.2023 00:18:47;;73,15;;89,70;
01.11.2023 00:18:48;;73,15;;;
01.11.2023 00:18:49;;77,81;;;19,16
01.11.2023 00:18:50;;77,81;;;
01.11.2023 00:18:51;;83,62;52,56;91,77;
01.11.2023 00:18:52;;83,62;;;
01.11.2023 00:18:53;;87,53;;;
01.11.2023 00:18:54;;87,53;;;
01.11.2023 00:18:55;;90,65;;;
01.11.2023 00:18:56;;90,65;;;
01.11.2023 00:18:57;;103,55;;93,56;20,83
01.11.2023 00:19:00;;103,55;;;
01.11.2023 00:19:01;;96,23;;;22,09
01.11.2023 00:19:02;;96,23;;;
01.11.2023 00:19:03;;90,70;;92,11;
01.11.2023 00:19:04;;90,70;;;
01.11.2023 00:19:05;;84,44;;;23,14
01.11.2023 00:19:06;;84,44;;;
01.11.2023 00:19:07;;80,59;;90,34;
01.11.2023 00:19:09;;83,09;51,37;;
01.11.2023 00:19:10;;83,09;;;
01.11.2023 00:19:11;;95,50;52,47;92,22;
01.11.2023 00:19:12;;95,50;;;
01.11.2023 00:19:13;;103,64;;93,45;
01.11.2023 00:19:15;;106,32;;92,19;
01.11.2023 00:19:17;;;;;22,12
01.11.2023 00:19:18;;106,32;;;
01.11.2023 00:19:19;;102,87;;;
01.11.2023 00:19:20;;102,87;;;
01.11.2023 00:19:21;;96,22;;;23,65
01.11.2023 00:19:22;;96,22;;;
01.11.2023 00:19:23;;90,10;50,97;91,04;
01.11.2023 00:19:25;;91,74;;;
01.11.2023 00:19:26;;91,74;;;
01.11.2023 00:19:27;;87,14;52,78;;
01.11.2023 00:19:28;;87,14;;;
01.11.2023 00:19:29;;81,65;;;
01.11.2023 00:19:30;;81,65;;;
01.11.2023 00:19:31;;77,75;;;
01.11.2023 00:19:32;;77,75;;;
01.11.2023 00:19:33;;73,92;;89,40;
01.11.2023 00:19:34;;73,92;;;
01.11.2023 00:19:35;;70,19;;;24,88
01.11.2023 00:19:36;;70,19;;;
01.11.2023 00:19:37;;66,59;51,36;;
01.11.2023 00:19:39;;67,99;;;
01.11.2023 00:19:40;;67,99;;;
01.11.2023 00:19:41;;72,24;;;
01.11.2023 00:19:42;;72,24;;;
01.11.2023 00:19:43;;76,51;50,05;;
01.11.2023 00:19:45;;78,97;;90,51;
01.11.2023 00:19:47;;81,30;;;
01.11.2023 00:19:49;;82,52;;;
01.11.2023 00:19:53;;79,89;;;
01.11.2023 00:19:54;;79,89;;;
01.11.2023 00:19:55;;76,73;;;
01.11.2023 00:19:56;;76,73;;;
01.11.2023 00:19:57;;72,48;;88,87;
01.11.2023 00:19:59;;73,66;51,14;;
01.11.2023 00:20:01;;76,45;;90,27;25,96
01.11.2023 00:20:02;;76,45;;;
01.11.2023 00:20:03;;80,40;;;
01.11.2023 00:20:05;;82,59;;;27,57
01.11.2023 00:20:07;;83,64;;;
01.11.2023 00:20:13;;81,23;;;
01.11.2023 00:20:15;;79,42;;;28,60
01.11.2023 00:20:18;;79,42;;;
01.11.2023 00:20:19;;83,39;;;
01.11.2023 00:20:20;;83,39;;;
01.11.2023 00:20:21;;86,52;52,32;;
01.11.2023 00:20:22;;86,52;;;
01.11.2023 00:20:23;;89,66;;91,37;
01.11.2023 00:20:24;;89,66;;;
01.11.2023 00:20:25;;92,94;;;
01.11.2023 00:20:28;;92,94;;;
01.11.2023 00:20:29;;89,21;51,02;90,04;
01.11.2023 00:20:30;;89,21;;;
01.11.2023 00:20:31;;85,85;;;
01.11.2023 00:20:33;;83,07;52,06;;
01.11.2023 00:20:35;;80,59;51,06;;
01.11.2023 00:20:37;;;;88,92;
01.11.2023 00:20:39;;82,49;;;
01.11.2023 00:20:41;;84,59;;90,68;
01.11.2023 00:20:43;;86,45;52,95;;
01.11.2023 00:20:46;;86,45;;;
01.11.2023 00:20:47;;82,33;;;
01.11.2023 00:20:48;;82,33;;;
01.11.2023 00:20:49;;78,84;50,81;;
01.11.2023 00:20:51;;76,20;;;29,66
01.11.2023 00:20:53;;74,19;;89,24;
01.11.2023 00:20:56;;74,19;;;
01.11.2023 00:20:57;;77,77;;;
01.11.2023 00:20:58;;77,77;;;
01.11.2023 00:20:59;;80,96;;;
01.11.2023 00:21:01;;83,59;;;31,00
01.11.2023 00:21:03;;85,22;;;
01.11.2023 00:21:08;;85,22;;;
01.11.2023 00:21:09;;80,60;;87,95;
01.11.2023 00:21:10;;80,60;;;
01.11.2023 00:21:11;;76,53;;;
01.11.2023 00:21:13;;74,47;;;
01.11.2023 00:21:15;;76,55;49,50;86,66;
01.11.2023 00:21:16;;76,55;;;
01.11.2023 00:21:17;;81,77;;;
01.11.2023 00:21:18;;81,77;;;
01.11.2023 00:21:19;;90,30;;88,34;
01.11.2023 00:21:20;;90,30;;;
01.11.2023 00:21:21;;94,13;;;
01.11.2023 00:21:22;;94,13;;;
01.11.2023 00:21:23;;97,15;;89,38;
01.11.2023 00:21:27;;95,76;;;
01.11.2023 00:21:28;;95,76;;;
01.11.2023 00:21:29;;91,28;51,02;;
01.11.2023 00:21:30;;91,28;;;
01.11.2023 00:21:31;;84,79;;88,27;
01.11.2023 00:21:34;;84,79;;;
01.11.2023 00:21:35;;88,35;;;
01.11.2023 00:21:36;;88,35;;;
01.11.2023 00:21:37;;91,74;;;32,14
01.11.2023 00:21:38;;91,74;;;
01.11.2023 00:21:39;;100,15;;89,71;
01.11.2023 00:21:40;;100,15;;;
01.11.2023 00:21:41;;107,17;;;
01.11.2023 00:21:43;;105,84;;;
01.11.2023 00:21:44;;105,84;;;
01.11.2023 00:21:45;;100,05;49,49;88,64;
01.11.2023 00:21:46;;100,05;;;
01.11.2023 00:21:47;;94,48;;;
01.11.2023 00:21:48;;94,48;;;
01.11.2023 00:21:49;;85,60;;86,55;
01.11.2023 00:21:50;;85,60;;;
01.11.2023 00:21:51;;79,53;48,03;;
01.11.2023 00:21:52;;79,53;;;
01.11.2023 00:21:53;;86,58;;;
01.11.2023 00:21:54;;86,58;;;
01.11.2023 00:21:55;;93,98;49,46;88,71;33,57
01.11.2023 00:21:57;;96,75;;;
01.11.2023 00:22:01;;98,43;;;
01.11.2023 00:22:02;;98,43;;;
01.11.2023 00:22:03;;95,23;;;
01.11.2023 00:22:04;;95,23;;;
01.11.2023 00:22:05;;90,93;50,54;87,50;
01.11.2023 00:22:07;;89,83;;;
01.11.2023 00:22:11;;87,00;;;
01.11.2023 00:22:14;;87,00;;;
01.11.2023 00:22:15;;92,30;;;
01.11.2023 00:22:17;NaN;93,97;49,13;87,19;34,40
01.11.2023 00:22:20;;93,97;;;
01.11.2023 00:22:21;;100,28;;;
01.11.2023 00:22:22;;100,28;;;
01.11.2023 00:22:23;;104,21;50,27;88,24;
01.11.2023 00:22:25;;103,15;;;
01.11.2023 00:22:27;;100,55;49,17;;
01.11.2023 00:22:28;;100,55;;;
01.11.2023 00:22:29;;94,48;;87,18;
01.11.2023 00:22:30;;94,48;;;
01.11.2023 00:22:31;;88,14;;;
01.11.2023 00:22:33;;86,27;;;
01.11.2023 00:22:34;;86,27;;;
01.11.2023 00:22:35;;94,29;;;
01.11.2023 00:22:36;;94,29;;;
01.11.2023 00:22:37;;107,62;51,00;90,02;
01.11.2023 00:22:38;;107,62;;;
01.11.2023 00:22:39;;112,73;;;
01.11.2023 00:22:43;;;;88,76;33,37
01.11.2023 00:22:44;;112,73;;;
01.11.2023 00:22:45;;107,89;;;
01.11.2023 00:22:46;;107,89;;;
01.11.2023 00:22:47;;97,11;49,87;;
01.11.2023 00:22:51;;99,16;;;
01.11.2023 00:22:55;;100,31;;;
01.11.2023 00:22:57;;102,72;51,27;;
01.11.2023 00:22:59;;101,67;;;
01.11.2023 00:23:01;;100,49;;;
01.11.2023 00:23:02;;100,49;;;
01.11.2023 00:23:03;;105,98;;;
01.11.2023 00:23:04;;105,98;;;
01.11.2023 00:23:05;;101,70;;;
01.11.2023 00:23:06;;101,70;;;
01.11.2023 00:23:07;;91,56;49,40;87,29;
01.11.2023 00:23:08;;91,56;;;
01.11.2023 00:23:09;;83,18;;86,14;34,44
01.11.2023 00:23:10;;83,18;;;
01.11.2023 00:23:11;;76,06;;;
01.11.2023 00:23:13;;73,23;;;
01.11.2023 00:23:14;;73,23;;;
01.11.2023 00:23:15;;76,31;;;35,45
01.11.2023 00:23:16;;76,31;;;
01.11.2023 00:23:17;;89,04;50,52;87,85;
01.11.2023 00:23:18;;89,04;;;
01.11.2023 00:23:19;;96,86;;89,62;
01.11.2023 00:23:23;;95,54;;88,05;
01.11.2023 00:23:24;;95,54;;;
01.11.2023 00:23:25;;91,11;;;
01.11.2023 00:23:26;;91,11;;;
01.11.2023 00:23:27;;83,75;49,08;86,45;34,36
01.11.2023 00:23:28;;83,75;;;
01.11.2023 00:23:29;;77,06;;85,25;
01.11.2023 00:23:30;;77,06;;;
01.11.2023 00:23:31;;81,19;;;
01.11.2023 00:23:32;;81,19;;;
01.11.2023 00:23:33;;85,45;;86,80;33,02
01.11.2023 00:23:35;;86,68;51,81;;
01.11.2023 00:23:37;;88,62;;88,42;31,24
01.11.2023 00:23:38;;88,62;;;
01.11.2023 00:23:39;;92,34;;;
01.11.2023 00:23:41;;;49,83;;
01.11.2023 00:23:43;;;;;29,70
01.11.2023 00:23:44;;92,34;;;
01.11.2023 00:23:45;;96,75;;;
01.11.2023 00:23:46;;96,75;;;
01.11.2023 00:23:47;;92,27;;89,76;
01.11.2023 00:23:48;;92,27;;;
01.11.2023 00:23:49;;83,99;;87,99;28,28
01.11.2023 00:23:50;;83,99;;;
01.11.2023 00:23:51;;80,03;;86,99;27,12
01.11.2023 00:23:53;;;;;25,99
01.11.2023 00:23:55;;81,39;48,62;;
01.11.2023 00:23:56;;81,39;;;
01.11.2023 00:23:57;;88,72;;;24,65
01.11.2023 00:23:58;;88,72;;;
01.11.2023 00:23:59;;101,91;50,52;89,73;
01.11.2023 00:24:00;;101,91;;;
01.11.2023 00:24:01;;108,32;;91,11;
01.11.2023 00:24:03;;107,03;52,22;;22,83
01.11.2023 00:24:04;;107,03;;;
01.11.2023 00:24:05;;102,85;;;
01.11.2023 00:24:06;;102,85;;;
01.11.2023 00:24:07;;96,24;;;21,66
01.11.2023 00:24:08;;96,24;;;
01.11.2023 00:24:09;;88,87;51,07;89,98;
01.11.2023 00:24:10;;88,87;;;
01.11.2023 00:24:11;;84,43;;;
01.11.2023 00:24:12;;84,43;;;
01.11.2023 00:24:13;;76,87;;;
01.11.2023 00:24:16;;76,87;;;
01.11.2023 00:24:17;;90,68;;91,37;20,56
01.11.2023 00:24:18;;90,68;;;
01.11.2023 00:24:19;;101,82;53,25;93,69;
01.11.2023 00:24:21;;104,66;;;19,30
01.11.2023 00:24:23;;103,29;;;
01.11.2023 00:24:24;;103,29;;;
01.11.2023 00:24:25;;99,90;;;
01.11.2023 00:24:26;;99,90;;;
01.11.2023 00:24:27;;94,96;;;18,15
01.11.2023 00:24:28;;94,96;;;
01.11.2023 00:24:29;;88,05;51,92;;
01.11.2023 00:24:31;;89,19;;;
01.11.2023 00:24:32;;89,19;;;
01.11.2023 00:24:33;;86,16;;;
01.11.2023 00:24:36;;86,16;;;
01.11.2023 00:24:37;;89,28;;;
01.11.2023 00:24:39;;90,97;;94,71;16,92
01.11.2023 00:24:41;;93,30;52,92;95,72;
01.11.2023 00:24:43;;95,57;;;
01.11.2023 00:24:44;;95,57;;;
01.11.2023 00:24:45;;102,56;;96,92;
01.11.2023 00:24:47;;101,20;;;
01.11.2023 00:24:48;;101,20;;;
01.11.2023 00:24:49;;90,07;;93,98;15,41
01.11.2023 00:24:50;;90,07;;;
01.11.2023 00:24:51;;85,32;;;
01.11.2023 00:24:53;;82,35;;;
01.11.2023 00:24:55;;83,67;;;
01.11.2023 00:24:56;;83,67;;;
01.11.2023 00:24:57;;88,13;;;
01.11.2023 00:24:58;;88,13;;;
01.11.2023 00:24:59;;101,65;;96,65;
01.11.2023 00:25:01;;101,65;;;
01.11.2023 00:25:01;;107,74;54,03;97,99;
01.11.2023 00:25:05;;106,15;;;14,15
01.11.2023 00:25:06;;106,15;;;
01.11.2023 00:25:07;;101,24;;;
01.11.2023 00:25:08;;101,24;;;
01.11.2023 00:25:09;;96,17;;;
01.11.2023 00:25:11;;94,95;;;
01.11.2023 00:25:12;;94,95;;;
01.11.2023 00:25:13;;98,14;;99,49;
01.11.2023 00:25:15;;99,24;;;
01.11.2023 00:25:17;;;;100,74;
01.11.2023 00:25:19;;99,24;;;
01.11.2023 00:25:19;;102,39;55,61;;15,61
01.11.2023 00:25:21;;;;102,30;
01.11.2023 00:25:23;;;57,00;;
01.11.2023 00:25:25;;104,19;;;
01.11.2023 00:25:27;;104,19;;;
01.11.2023 00:25:27;;109,70;;;
01.11.2023 00:25:29;;107,51;;;
01.11.2023 00:25:31;;107,51;;;
01.11.2023 00:25:31;;97,65;;;
01.11.2023 00:25:32;;97,65;;;
01.11.2023 00:25:33;;89,05;58,78;;
01.11.2023 00:25:34;;89,05;;;
01.11.2023 00:25:35;;84,10;;;17,46
01.11.2023 00:25:39;;84,10;;;
01.11.2023 00:25:39;;87,24;57,70;;19,00
01.11.2023 00:25:40;;87,24;;;
01.11.2023 00:25:41;;97,87;;104,16;
01.11.2023 00:25:42;;97,87;;;
01.11.2023 00:25:43;;105,91;;;
01.11.2023 00:25:44;;105,91;;;
01.11.2023 00:25:45;;102,51;;;
01.11.2023 00:25:47;;99,73;56,32;102,63;
01.11.2023 00:25:49;;99,73;;;
01.11.2023 00:25:49;;93,17;;;
01.11.2023 00:25:50;;93,17;;;
01.11.2023 00:25:51;;84,93;;100,61;20,28
01.11.2023 00:25:53;;84,93;;;
01.11.2023 00:25:53;;79,24;;;
01.11.2023 00:25:54;;79,24;;;
01.11.2023 00:25:55;;91,34;;102,23;
01.11.2023 00:25:57;;91,34;;;
01.11.2023 00:25:57;;96,43;57,76;;
01.11.2023 00:25:58;;96,43;;;
01.11.2023 00:25:59;;99,97;;;
01.11.2023 00:26:01;;102,93;;;
01.11.2023 00:26:03;;;56,14;103,68;
01.11.2023 00:26:05;;102,93;;;
01.11.2023 00:26:05;;99,19;;;
01.11.2023 00:26:09;;100,27;;;
01.11.2023 00:26:10;;100,27;;;
01.11.2023 00:26:11;;92,82;;102,46;
01.11.2023 00:26:13;;92,82;;;
01.11.2023 00:26:13;;84,92;;99,72;
01.11.2023 00:26:14;;84,92;;;
01.11.2023 00:26:15;;80,84;;;
01.11.2023 00:26:17;;80,84;;;
01.11.2023 00:26:17;;74,06;;98,65;
01.11.2023 00:26:19;;72,19;54,62;;
01.11.2023 00:26:21;;72,19;;;
01.11.2023 00:26:21;;78,52;;100,14;
01.11.2023 00:26:23;;80,69;;101,39;
01.11.2023 00:26:25;;81,91;;;
01.11.2023 00:26:27;;82,94;;102,41;
01.11.2023 00:26:29;;82,94;;;
01.11.2023 00:26:29;;86,31;;;
01.11.2023 00:26:31;;87,43;;100,69;19,04
01.11.2023 00:26:33;;88,48;53,60;99,65;
01.11.2023 00:26:35;;88,48;;;
01.11.2023 00:26:35;;96,81;;;
01.11.2023 00:26:37;;95,44;;;
01.11.2023 00:26:39;;95,44;;;
01.11.2023 00:26:39;;89,38;;;
01.11.2023 00:26:40;;89,38;;;
01.11.2023 00:26:41;;86,32;;98,19;
01.11.2023 00:26:43;;87,61;;;
01.11.2023 00:26:45;;89,49;54,70;100,94;20,77
01.11.2023 00:26:46;;89,49;;;
01.11.2023 00:26:47;;92,77;55,99;103,20;
01.11.2023 00:26:49;;92,77;;103,20;
01.11.2023 00:26:49;;103,06;57,40;106,39;21,95
01.11.2023 00:26:50;;103,06;;;
01.11.2023 00:26:51;;111,42;;108,58;
01.11.2023 00:26:52;;111,42;;;
01.11.2023 00:26:53;;107,74;;;
01.11.2023 00:26:55;;107,74;;;
01.11.2023 00:26:55;;104,67;;;
01.11.2023 00:26:57;;104,67;;;
01.11.2023 00:26:57;;100,38;;107,46;
01.11.2023 00:26:59;;97,61;;;23,11
01.11.2023 00:27:00;;97,61;;;
01.11.2023 00:27:01;;92,31;;106,20;
01.11.2023 00:27:03;;94,83;;;
01.11.2023 00:27:05;;94,83;;;
01.11.2023 00:27:05;;103,91;;109,07;
01.11.2023 00:27:06;;103,91;;;
01.11.2023 00:27:07;;107,02;58,86;;
01.11.2023 00:27:09;;;59,95;;
01.11.2023 00:27:11;;107,02;;;
01.11.2023 00:27:11;;110,35;;110,28;
01.11.2023 00:27:13;;108,44;;;
01.11.2023 00:27:15;;106,07;;;
01.11.2023 00:27:17;;106,07;;;
01.11.2023 00:27:17;;109,35;;;
01.11.2023 00:27:19;;110,74;;;
01.11.2023 00:27:21;;110,74;;;
01.11.2023 00:27:21;;107,06;;;
01.11.2023 00:27:22;;107,06;;;
01.11.2023 00:27:23;;102,93;58,31;108,11;24,89
01.11.2023 00:27:25;;101,16;;107,05;
01.11.2023 00:27:27;;101,16;;;
01.11.2023 00:27:27;;95,94;57,24;;26,31
01.11.2023 00:27:29;;95,94;;;
01.11.2023 00:27:29;;99,72;;;
01.11.2023 00:27:30;;99,72;;;
01.11.2023 00:27:31;;109,54;;108,68;
01.11.2023 00:27:33;;111,94;;;
01.11.2023 00:27:35;;109,63;;;
01.11.2023 00:27:37;;107,66;;;
01.11.2023 00:27:38;;107,66;;;
01.11.2023 00:27:39;;104,25;;;
01.11.2023 00:27:41;;101,57;55,19;;
01.11.2023 00:27:43;;101,57;;;
01.11.2023 00:27:43;;98,25;;107,62;
01.11.2023 00:27:45;;98,25;;;
01.11.2023 00:27:45;;104,52;57,63;;
01.11.2023 00:27:47;;;;109,04;
01.11.2023 00:27:49;;103,40;58,78;;
01.11.2023 00:27:53;;;57,77;;
01.11.2023 00:27:55;;102,02;56,64;;
01.11.2023 00:27:57;;103,08;57,78;;
01.11.2023 00:27:58;;103,08;;;
01.11.2023 00:27:59;;109,66;;111,10;25,25
01.11.2023 00:28:01;;108,09;;;
01.11.2023 00:28:03;;108,09;;;
01.11.2023 00:28:03;;100,37;56,50;108,96;24,09
01.11.2023 00:28:05;;;;107,73;
01.11.2023 00:28:07;;99,14;55,04;106,37;
01.11.2023 00:28:10;;99,14;;;
01.11.2023 00:28:11;;106,35;;;
01.11.2023 00:28:13;;106,35;;;
01.11.2023 00:28:13;;116,25;56,43;;22,80
01.11.2023 00:28:15;;117,91;;107,59;
01.11.2023 00:28:17;;117,91;;;
01.11.2023 00:28:17;;113,69;;;21,65
01.11.2023 00:28:19;;111,87;;105,79;
01.11.2023 00:28:21;;111,87;;;
01.11.2023 00:28:21;;104,70;55,25;;
01.11.2023 00:28:22;;104,70;;;
01.11.2023 00:28:23;;98,68;54,03;104,74;
01.11.2023 00:28:25;;98,68;;;
01.11.2023 00:28:25;;102,30;;;
01.11.2023 00:28:27;;102,30;;;
01.11.2023 00:28:27;;109,07;55,24;105,95;
01.11.2023 00:28:29;;;56,99;;
01.11.2023 00:28:31;;;55,72;;20,51
01.11.2023 00:28:33;;107,59;;;
01.11.2023 00:28:35;;105,69;54,62;;
01.11.2023 00:28:37;;105,69;;;
01.11.2023 00:28:37;;101,75;;;19,49
01.11.2023 00:28:39;;101,75;;;
01.11.2023 00:28:39;;97,40;;;
01.11.2023 00:28:41;;100,05;;;
01.11.2023 00:28:42;;100,05;;;
01.11.2023 00:28:43;;97,03;;;
01.11.2023 00:28:45;;97,03;;;
01.11.2023 00:28:45;;93,46;55,79;104,66;
01.11.2023 00:28:47;;94,74;;;
01.11.2023 00:28:51;;95,76;;;
01.11.2023 00:28:53;;;;105,66;
01.11.2023 00:28:55;;95,76;;;
01.11.2023 00:28:55;;105,73;;107,54;
01.11.2023 00:28:57;;105,73;;;
01.11.2023 00:28:57;;98,72;;;
01.11.2023 00:28:58;;98,72;;;
01.11.2023 00:28:59;;91,71;;105,24;
01.11.2023 00:29:00;;91,71;;;
01.11.2023 00:29:01;;87,48;;;
01.11.2023 00:29:03;;84,51;54,23;104,13;
01.11.2023 00:29:05;;86,52;;;
01.11.2023 00:29:07;;86,52;;;
01.11.2023 00:29:07;;97,85;;106,48;
01.11.2023 00:29:09;;97,85;;;
01.11.2023 00:29:09;;106,26;;;
01.11.2023 00:29:13;;106,26;;;
01.11.2023 00:29:13;;102,27;;;
01.11.2023 00:29:15;;102,27;;;
01.11.2023 00:29:15;;98,75;;;18,22
01.11.2023 00:29:16;;98,75;;;
01.11.2023 00:29:17;;93,09;;103,73;
01.11.2023 00:29:19;;93,09;;;
01.11.2023 00:29:19;;87,43;;;
01.11.2023 00:29:21;;87,43;;;
01.11.2023 00:29:21;;92,89;;102,64;
01.11.2023 00:29:23;;92,89;;;
01.11.2023 00:29:23;;97,53;;;
01.11.2023 00:29:25;;97,53;;;
01.11.2023 00:29:25;;100,93;;;
01.11.2023 00:29:27;;102,56;;;19,53
01.11.2023 00:29:29;;104,55;;;
01.11.2023 00:29:31;;;;101,61;20,77
01.11.2023 00:29:33;;103,00;;100,48;
01.11.2023 00:29:35;;103,00;;;
01.11.2023 00:29:35;;107,02;;;
01.11.2023 00:29:37;;107,02;;;
01.11.2023 00:29:37;;103,28;;;
01.11.2023 00:29:39;;103,28;;;
01.11.2023 00:29:39;;93,29;;;
01.11.2023 00:29:41;;93,29;;;
01.11.2023 00:29:41;;85,94;52,83;98,42;
01.11.2023 00:29:43;;85,94;;;
01.11.2023 00:29:43;;82,38;;96,94;
01.11.2023 00:29:45;;79,46;;;21,97
01.11.2023 00:29:47;;81,90;51,63;95,87;
01.11.2023 00:29:49;;81,90;;;
01.11.2023 00:29:49;;99,60;;;
01.11.2023 00:29:51;;99,60;;;
01.11.2023 00:29:51;;104,81;52,92;98,01;
01.11.2023 00:29:57;;104,81;;;
01.11.2023 00:29:57;;100,82;;;
01.11.2023 00:29:59;;100,82;;;
01.11.2023 00:29:59;;97,37;;;
01.11.2023 00:30:01;;97,37;;;
01.11.2023 00:30:01;;89,20;;;
01.11.2023 00:30:05;;89,20;;;
01.11.2023 00:30:05;;94,00;;;
01.11.2023 00:30:07;;94,00;;;
01.11.2023 00:30:07;;98,33;;;
01.11.2023 00:30:09;;100,39;;;
01.11.2023 00:30:11;;100,39;;;
01.11.2023 00:30:11;;103,97;;;
01.11.2023 00:30:13;;102,92;;;
01.11.2023 00:30:15;;;51,91;;
01.11.2023 00:30:17;;102,92;;;
01.11.2023 00:30:17;;106,99;;;
01.11.2023 00:30:19;;106,99;;;
01.11.2023 00:30:19;;111,26;53,32;;
01.11.2023 00:30:21;;108,29;;;
01.11.2023 00:30:23;;108,29;;;
01.11.2023 00:30:23;;101,44;;96,36;20,79
01.11.2023 00:30:25;;98,67;;;
01.11.2023 00:30:27;;100,03;51,60;;
01.11.2023 00:30:29;;100,03;;;
01.11.2023 00:30:29;;106,73;;98,07;
01.11.2023 00:30:31;;106,73;;;
01.11.2023 00:30:31;;117,59;;99,10;
01.11.2023 00:30:33;;120,22;;;
01.11.2023 00:30:35;;120,22;;;
01.11.2023 00:30:35;;115,05;;;19,46
01.11.2023 00:30:37;;115,05;;;
01.11.2023 00:30:37;;108,74;;97,39;
01.11.2023 00:30:39;;108,74;;;
01.11.2023 00:30:39;;101,18;;95,93;
01.11.2023 00:30:41;;101,18;;;
01.11.2023 00:30:41;;88,04;;;
01.11.2023 00:30:43;;86,03;50,51;94,40;
01.11.2023 00:30:45;;86,03;;;
01.11.2023 00:30:45;;90,99;51,69;;
01.11.2023 00:30:47;;;;95,72;
01.11.2023 00:30:49;;;;;20,50
01.11.2023 00:30:51;;90,99;;;
01.11.2023 00:30:51;;95,42;;;
01.11.2023 00:30:53;;96,68;;;
01.11.2023 00:30:57;;98,71;;;
01.11.2023 00:30:59;;98,71;;;
01.11.2023 00:30:59;;109,18;;;
01.11.2023 00:31:01;;106,42;;;
01.11.2023 00:31:03;;106,42;;;
01.11.2023 00:31:03;;99,62;;93,65;
01.11.2023 00:31:05;;97,47;;92,63;19,40
01.11.2023 00:31:07;;95,10;;;
01.11.2023 00:31:11;;95,10;;;
01.11.2023 00:31:11;;102,28;50,61;;
01.11.2023 00:31:13;;102,28;;;
01.11.2023 00:31:13;;112,97;;94,17;
01.11.2023 00:31:15;;114,06;;;18,20
01.11.2023 00:31:17;;114,06;;;
01.11.2023 00:31:17;;110,38;51,85;;
01.11.2023 00:31:19;;107,42;;;19,44
01.11.2023 00:31:21;;107,42;;;
01.11.2023 00:31:21;;100,74;;;
01.11.2023 00:31:23;;93,79;;;20,79
01.11.2023 00:31:23;;100,74;;;
01.11.2023 00:31:25;;95,63;;;22,37
01.11.2023 00:31:27;;95,63;;;
01.11.2023 00:31:27;;100,93;;95,67;
01.11.2023 00:31:29;;102,14;;;
01.11.2023 00:31:31;;103,21;;;24,18
01.11.2023 00:31:33;;105,31;;96,91;
01.11.2023 00:31:35;;107,03;;;
01.11.2023 00:31:37;;105,68;;;25,40
01.11.2023 00:31:41;;105,68;;;
01.11.2023 00:31:41;;111,66;;;
01.11.2023 00:31:43;;109,81;;;
01.11.2023 00:31:45;;109,81;;;
01.11.2023 00:31:45;;102,63;;;
01.11.2023 00:31:47;;102,63;;;
01.11.2023 00:31:47;;98,17;;;26,47
01.11.2023 00:31:51;;;;;27,62
01.11.2023 00:31:53;;98,17;;;
01.11.2023 00:31:53;;103,77;;;
01.11.2023 00:31:55;;103,77;;;
01.11.2023 00:31:55;;113,94;53,90;99,65;28,81
01.11.2023 00:31:59;;113,94;;;
01.11.2023 00:31:59;;105,66;;98,36;
01.11.2023 00:32:01;;105,66;;;
01.11.2023 00:32:01;;100,18;52,35;;30,19
01.11.2023 00:32:03;;91,32;;97,21;
01.11.2023 00:32:03;;100,18;;;
01.11.2023 00:32:05;;91,32;;;
01.11.2023 00:32:05;;84,73;;;31,55
01.11.2023 00:32:07;;84,73;;;
01.11.2023 00:32:07;;89,29;;99,40;
01.11.2023 00:32:09;;89,29;;;
01.11.2023 00:32:09;;102,86;54,63;101,41;
01.11.2023 00:32:11;;103,89;;;
01.11.2023 00:32:15;;;53,61;;
01.11.2023 00:32:17;;103,89;;;
01.11.2023 00:32:17;;100,27;;100,36;
01.11.2023 00:32:19;;100,27;;;
01.11.2023 00:32:19;;95,90;;;
01.11.2023 00:32:21;;97,49;;;
01.11.2023 00:32:23;;96,17;;;
01.11.2023 00:32:25;;92,18;;;
01.11.2023 00:32:25;;96,17;;;
01.11.2023 00:32:27;;93,84;;;
01.11.2023 00:32:29;;98,05;;;
01.11.2023 00:32:29;;93,84;;;
01.11.2023 00:32:31;;100,37;;101,47;32,60
01.11.2023 00:32:33;;101,73;;;
01.11.2023 00:32:35;;101,73;;;
01.11.2023 00:32:35;;111,99;55,39;102,82;
01.11.2023 00:32:37;;114,80;;;
01.11.2023 00:32:39;;114,80;;;
01.11.2023 00:32:39;;108,67;;;
01.11.2023 00:32:41;;108,67;;;
01.11.2023 00:32:41;;100,33;;;
01.11.2023 00:32:43;;100,33;;;
01.11.2023 00:32:43;;94,67;53,70;100,97;
01.11.2023 00:32:45;;86,15;;;
01.11.2023 00:32:45;;94,67;;;
01.11.2023 00:32:47;;88,82;;;
01.11.2023 00:32:49;;88,82;;;
01.11.2023 00:32:49;;101,54;;;
01.11.2023 00:32:51;;101,54;;;
01.11.2023 00:32:51;;109,64;55,43;102,31;
01.11.2023 00:32:55;;108,39;53,84;;
01.11.2023 00:32:57;;108,39;;;
01.11.2023 00:32:57;;104,66;;;
01.11.2023 00:32:59;;104,66;;;
01.11.2023 00:32:59;;101,62;;;
01.11.2023 00:33:01;;101,62;;;
01.11.2023 00:33:01;;94,56;;100,24;
01.11.2023 00:33:03;;92,30;;;
01.11.2023 00:33:05;;93,39;55,70;;
01.11.2023 00:33:07;;96,11;;;
01.11.2023 00:33:09;;98,47;;;
01.11.2023 00:33:11;;103,58;;;
01.11.2023 00:33:11;;98,47;;;
01.11.2023 00:33:13;;;54,19;;
01.11.2023 00:33:17;;103,58;;;
01.11.2023 00:33:17;;106,77;55,30;;
01.11.2023 00:33:19;;110,80;;;
01.11.2023 00:33:19;;106,77;;;
01.11.2023 00:33:21;;110,80;;;
01.11.2023 00:33:21;;101,47;53,63;98,66;
01.11.2023 00:33:23;;101,47;;;
01.11.2023 00:33:23;;90,58;;96,89;
01.11.2023 00:33:25;;87,85;52,51;;
01.11.2023 00:33:27;;87,85;;;
01.11.2023 00:33:27;;91,26;;;
01.11.2023 00:33:29;;96,72;;;
01.11.2023 00:33:29;;91,26;;;
01.11.2023 00:33:31;;96,72;;;
01.11.2023 00:33:31;;110,69;;;
01.11.2023 00:33:33;;110,69;;;
01.11.2023 00:33:33;;116,93;;;
01.11.2023 00:33:35;;;;95,08;
01.11.2023 00:33:37;;116,93;;;
01.11.2023 00:33:37;;112,83;;;
01.11.2023 00:33:39;;112,83;;;
01.11.2023 00:33:39;;106,63;;93,20;
01.11.2023 00:33:41;;100,46;;;
01.11.2023 00:33:41;;106,63;;;
01.11.2023 00:33:43;;100,46;;;
01.11.2023 00:33:43;;97,28;;91,92;
01.11.2023 00:33:45;;105,95;;94,93;
01.11.2023 00:33:45;;97,28;;91,92;
01.11.2023 00:33:47;;111,12;;;
01.11.2023 00:33:47;;105,95;;;
01.11.2023 00:33:49;;112,76;;;
01.11.2023 00:33:53;;114,29;;;
01.11.2023 00:33:55;;110,83;51,03;;
01.11.2023 00:33:55;;114,29;;;
01.11.2023 00:33:57;;108,68;;;
01.11.2023 00:33:59;;;;96,08;
01.11.2023 00:34:01;;108,68;;;
01.11.2023 00:34:01;;101,74;52,24;;
01.11.2023 00:34:03;;91,44;;;
01.11.2023 00:34:03;;101,74;;;
01.11.2023 00:34:05;;91,44;;;
01.11.2023 00:34:05;;86,14;;;
01.11.2023 00:34:09;;89,47;;;
01.11.2023 00:34:09;;86,14;;;
01.11.2023 00:34:11;;89,47;;;
01.11.2023 00:34:11;;100,19;;;
01.11.2023 00:34:13;;100,19;;;
01.11.2023 00:34:13;;108,99;53,50;98,91;
01.11.2023 00:34:17;;102,90;;100,41;
01.11.2023 00:34:17;;108,99;;;
01.11.2023 00:34:19;;98,87;;;
01.11.2023 00:34:19;;102,90;;;
01.11.2023 00:34:21;;90,75;;99,06;
01.11.2023 00:34:21;;98,87;;;
01.11.2023 00:34:23;;82,62;;;
01.11.2023 00:34:23;;90,75;;;
01.11.2023 00:34:25;;82,62;;;
01.11.2023 00:34:25;;79,46;;;
01.11.2023 00:34:27;;86,64;;100,62;34,22
01.11.2023 00:34:27;;79,46;;;
01.11.2023 00:34:29;;86,64;;;
01.11.2023 00:34:29;;96,04;54,96;102,33;
01.11.2023 00:34:31;;99,59;;;
01.11.2023 00:34:31;;96,04;;;
01.11.2023 00:34:33;;101,55;;;
01.11.2023 00:34:37;;99,71;56,10;;
01.11.2023 00:34:39;;96,63;;;
01.11.2023 00:34:39;;99,71;;;
01.11.2023 00:34:41;;101,34;;;33,18
01.11.2023 00:34:41;;96,63;;;
01.11.2023 00:34:45;;93,83;;101,29;
01.11.2023 00:34:45;;101,34;;;
01.11.2023 00:34:47;;91,55;54,34;;
01.11.2023 00:34:49;;94,41;55,36;;
01.11.2023 00:34:51;;96,37;;102,31;
01.11.2023 00:34:53;;103,12;;;
01.11.2023 00:34:53;;96,37;;;
01.11.2023 00:34:55;;103,12;;;
01.11.2023 00:34:55;;114,11;;104,67;
01.11.2023 00:34:59;;107,39;;103,00;
01.11.2023 00:34:59;;114,11;;;
01.11.2023 00:35:01;;103,25;;;
01.11.2023 00:35:01;;107,39;;;
01.11.2023 00:35:03;;94,95;;101,38;
01.11.2023 00:35:03;;103,25;;;
01.11.2023 00:35:05;;94,95;;;
01.11.2023 00:35:05;;84,63;53,87;;
01.11.2023 00:35:07;;86,88;;99,96;
01.11.2023 00:35:09;;86,88;;;
01.11.2023 00:35:09;;93,20;;101,43;
01.11.2023 00:35:11;;98,96;;;
01.11.2023 00:35:11;;93,20;;;
01.11.2023 00:35:13;;101,80;;;
01.11.2023 00:35:15;;101,80;;;
01.11.2023 00:35:15;;105,63;;;
01.11.2023 00:35:17;;106,68;55,28;;32,11
01.11.2023 00:35:23;;109,62;;103,30;
01.11.2023 00:35:25;;103,81;;;30,97
01.11.2023 00:35:25;;109,62;;;
01.11.2023 00:35:27;;96,11;;102,22;
01.11.2023 00:35:27;;103,81;;;
01.11.2023 00:35:29;;;54,02;;32,59
01.11.2023 00:35:33;;97,33;;103,28;
01.11.2023 00:35:35;;101,95;;;33,95
01.11.2023 00:35:35;;97,33;;;
01.11.2023 00:35:37;;109,93;;105,17;
01.11.2023 00:35:37;;101,95;;;
01.11.2023 00:35:39;;107,30;;;
01.11.2023 00:35:41;;100,18;55,26;104,02;
01.11.2023 00:35:41;;107,30;;;
01.11.2023 00:35:43;;94,60;;;
01.11.2023 00:35:43;;100,18;;;
01.11.2023 00:35:45;;94,60;;;
01.11.2023 00:35:45;;87,49;;102,95;
01.11.2023 00:35:47;;82,86;;101,66;
01.11.2023 00:35:47;;87,49;;;
01.11.2023 00:35:49;;90,96;54,10;;
01.11.2023 00:35:49;;82,86;;;
01.11.2023 00:35:51;;102,42;55,16;103,02;35,01
01.11.2023 00:35:51;;90,96;;;
01.11.2023 00:35:53;;102,42;;;
01.11.2023 00:35:53;;105,78;;104,07;
01.11.2023 00:35:55;;107,05;;;
01.11.2023 00:35:57;;108,21;;;
01.11.2023 00:35:59;;107,13;;;
01.11.2023 00:36:01;;101,26;54,06;;
01.11.2023 00:36:01;;107,13;;;
01.11.2023 00:36:03;;97,41;;102,63;
01.11.2023 00:36:03;;101,26;;;
01.11.2023 00:36:05;;99,08;;;
01.11.2023 00:36:07;;92,13;;;36,04
01.11.2023 00:36:07;;99,08;;;
01.11.2023 00:36:09;;87,52;;101,45;
01.11.2023 00:36:09;;92,13;;;
01.11.2023 00:36:11;;89,09;55,20;;
01.11.2023 00:36:13;;91,42;;;
01.11.2023 00:36:15;;92,69;;;
01.11.2023 00:36:17;;92,69;;;
01.11.2023 00:36:17;;99,58;;102,83;
01.11.2023 00:36:19;;107,38;;103,96;
01.11.2023 00:36:19;;99,58;;;
01.11.2023 00:36:21;;107,38;;;
01.11.2023 00:36:21;;102,13;;102,93;
01.11.2023 00:36:23;;94,94;;100,92;
01.11.2023 00:36:23;;102,13;;;
01.11.2023 00:36:25;;88,43;;;
01.11.2023 00:36:25;;94,94;;;
01.11.2023 00:36:27;;83,42;;99,39;
01.11.2023 00:36:27;;88,43;;;
01.11.2023 00:36:29;;;;;34,73
01.11.2023 00:36:31;;83,42;;;
01.11.2023 00:36:31;;93,19;;101,24;33,56
01.11.2023 00:36:33;;105,37;56,46;102,58;
01.11.2023 00:36:33;;93,19;;;
01.11.2023 00:36:35;;;;;31,85
01.11.2023 00:36:39;;102,28;;101,42;
01.11.2023 00:36:39;;105,37;;;
01.11.2023 00:36:41;;95,75;54,80;99,99;30,46
01.11.2023 00:36:41;;102,28;;;
01.11.2023 00:36:43;;89,83;;;
01.11.2023 00:36:43;;95,75;;;
01.11.2023 00:36:45;;89,83;;;
01.11.2023 00:36:45;;93,17;;;
01.11.2023 00:36:47;;96,30;;;
01.11.2023 00:36:47;;93,17;;;
01.11.2023 00:36:49;;97,85;;101,10;
01.11.2023 00:36:51;;97,85;;;
01.11.2023 00:36:51;;100,91;;;29,43
01.11.2023 00:36:53;;103,92;;102,47;
01.11.2023 00:36:53;;100,91;;;
01.11.2023 00:36:57;;105,02;56,87;103,58;
01.11.2023 00:36:59;;112,04;;105,20;
01.11.2023 00:36:59;;105,02;;;
01.11.2023 00:37:01;;110,85;;;
01.11.2023 00:37:03;;103,30;;104,02;28,27
01.11.2023 00:37:03;;110,85;;;
01.11.2023 00:37:05;;95,44;;102,83;
01.11.2023 00:37:05;;103,30;;;
01.11.2023 00:37:07;;89,53;54,80;;
01.11.2023 00:37:07;;95,44;;;
01.11.2023 00:37:09;;86,37;;101,49;
01.11.2023 00:37:09;;89,53;;;
01.11.2023 00:37:11;;91,42;;;
01.11.2023 00:37:11;;86,37;;;
01.11.2023 00:37:13;;104,99;55,94;;
01.11.2023 00:37:13;;91,42;;;
01.11.2023 00:37:15;;110,88;57,12;103,78;
01.11.2023 00:37:15;;104,99;;;
01.11.2023 00:37:17;NaN;109,34;57,42;103,97;28,13
01.11.2023 00:37:19;;107,77;;;
01.11.2023 00:37:21;;103,25;;;
01.11.2023 00:37:21;;107,77;;;
01.11.2023 00:37:23;;103,25;;;
01.11.2023 00:37:23;;96,69;56,22;;
01.11.2023 00:37:25;;91,43;;101,99;30,51
01.11.2023 00:37:25;;96,69;;;
01.11.2023 00:37:27;;96,12;;;
01.11.2023 00:37:27;;91,43;;;
01.11.2023 00:37:29;;97,21;;;31,70
01.11.2023 00:37:31;;99,59;;;
01.11.2023 00:37:33;;101,93;;;
01.11.2023 00:37:35;;101,93;;;
01.11.2023 00:37:35;;105,50;;;32,93
01.11.2023 00:37:37;;104,15;;103,17;
01.11.2023 00:37:39;;102,28;;;34,30
01.11.2023 00:37:41;;105,08;;;
01.11.2023 00:37:43;;107,40;;;
01.11.2023 00:37:45;;96,13;;;
01.11.2023 00:37:45;;107,40;;;
01.11.2023 00:37:47;;90,46;;102,01;
01.11.2023 00:37:47;;96,13;;;
01.11.2023 00:37:49;;92,09;;;
01.11.2023 00:37:51;;93,31;;;35,73
01.11.2023 00:37:53;;95,93;;;
01.11.2023 00:37:55;;112,72;;104,56;
01.11.2023 00:37:55;;95,93;;;
01.11.2023 00:37:57;;116,72;57,30;;36,74
01.11.2023 00:37:57;;112,72;;;
01.11.2023 00:37:59;;116,72;;;
01.11.2023 00:37:59;;113,16;;;
01.11.2023 00:38:01;;104,15;56,10;103,36;
01.11.2023 00:38:01;;113,16;;;
01.11.2023 00:38:03;;95,91;54,63;101,62;38,17
01.11.2023 00:38:03;;104,15;;;
01.11.2023 00:38:05;;87,58;;99,95;
01.11.2023 00:38:05;;95,91;;;
01.11.2023 00:38:07;;84,67;;;39,37
01.11.2023 00:38:09;;86,55;;;
01.11.2023 00:38:11;;82,64;53,50;98,65;
01.11.2023 00:38:11;;86,55;;;
01.11.2023 00:38:13;;78,81;;97,21;
01.11.2023 00:38:13;;82,64;;;
01.11.2023 00:38:17;;74,76;52,20;;
01.11.2023 00:38:17;;78,81;;;
01.11.2023 00:38:19;;77,59;;;41,20
01.11.2023 00:38:21;;87,92;;;
01.11.2023 00:38:21;;77,59;;;
01.11.2023 00:38:23;;87,92;;;
01.11.2023 00:38:23;;95,81;;99,89;
01.11.2023 00:38:25;;97,42;;;
01.11.2023 00:38:27;;;53,28;;42,49
01.11.2023 00:38:29;;95,27;;;
01.11.2023 00:38:31;;89,94;;97,92;
01.11.2023 00:38:31;;95,27;;;
01.11.2023 00:38:33;;85,84;;;
01.11.2023 00:38:33;;89,94;;;
01.11.2023 00:38:37;;93,12;;99,23;41,39
01.11.2023 00:38:37;;85,84;;;
01.11.2023 00:38:39;;94,62;;;
01.11.2023 00:38:43;;96,67;;;
01.11.2023 00:38:45;;95,29;;;
01.11.2023 00:38:47;;93,83;;;
01.11.2023 00:38:49;;95,09;;;
01.11.2023 00:38:51;;99,97;;;
01.11.2023 00:38:51;;95,09;;;
01.11.2023 00:38:53;;99,97;;;
01.11.2023 00:38:53;;96,22;;;
01.11.2023 00:38:55;;87,07;;;
01.11.2023 00:38:55;;96,22;;;
01.11.2023 00:38:57;;;;97,22;
01.11.2023 00:38:59;;89,77;;;
01.11.2023 00:39:01;;92,25;;98,24;
01.11.2023 00:39:03;;94,72;;;
01.11.2023 00:39:05;;104,77;54,44;101,10;
01.11.2023 00:39:05;;94,72;;;
01.11.2023 00:39:07;;108,35;;102,67;
01.11.2023 00:39:07;;104,77;;;
01.11.2023 00:39:09;;103,76;;;39,99
01.11.2023 00:39:09;;108,35;;;
01.11.2023 00:39:11;;98,08;;;
01.11.2023 00:39:11;;103,76;;;
01.11.2023 00:39:13;;98,08;;;39,99
01.11.2023 00:39:13;;83,17;;101,62;36,76
01.11.2023 00:39:15;;75,91;;;
01.11.2023 00:39:15;;83,17;;;
01.11.2023 00:39:19;;80,81;55,48;;35,03
01.11.2023 00:39:19;;75,91;;;
01.11.2023 00:39:21;;78,07;;;
01.11.2023 00:39:23;;72,37;53,95;100,02;
01.11.2023 00:39:23;;78,07;;;
01.11.2023 00:39:25;;74,25;;;
01.11.2023 00:39:27;;75,88;;101,43;
01.11.2023 00:39:29;;79,19;;;
01.11.2023 00:39:29;;75,88;;;
01.11.2023 00:39:31;;94,17;55,99;103,40;
01.11.2023 00:39:31;;79,19;;;
01.11.2023 00:39:33;;99,11;;105,45;
01.11.2023 00:39:33;;94,17;;;
01.11.2023 00:39:35;;96,72;;;
01.11.2023 00:39:37;;93,74;;103,72;
01.11.2023 00:39:39;;90,46;;;
01.11.2023 00:39:39;;93,74;;;
01.11.2023 00:39:41;;84,99;;101,83;
01.11.2023 00:39:41;;90,46;;;
01.11.2023 00:39:43;;82,71;;;
01.11.2023 00:39:45;;91,80;;;
01.11.2023 00:39:45;;82,71;;;
01.11.2023 00:39:47;;99,55;;103,96;
01.11.2023 00:39:47;;91,80;;;
01.11.2023 00:39:49;;98,51;;;
01.11.2023 00:39:51;;;57,23;;33,97
01.11.2023 00:39:53;;95,99;;102,82;
01.11.2023 00:39:55;;93,05;56,03;;
01.11.2023 00:39:57;;90,34;;104,09;
01.11.2023 00:39:59;;96,50;;105,86;
01.11.2023 00:39:59;;90,34;;;
01.11.2023 00:40:01;;98,26;57,43;107,22;
01.11.2023 00:40:03;;;59,65;108,42;
01.11.2023 00:40:05;;102,59;;;32,87
01.11.2023 00:40:05;;98,26;;;
01.11.2023 00:40:07;;103,64;;;
01.11.2023 00:40:09;;;58,16;107,33;
01.11.2023 00:40:11;;105,85;;;
01.11.2023 00:40:13;;114,27;;;
01.11.2023 00:40:13;;105,85;;;
01.11.2023 00:40:15;;;57,15;;
01.11.2023 00:40:17;;109,56;;105,82;
01.11.2023 00:40:17;;114,27;;;
01.11.2023 00:40:19;;103,50;56,15;;
01.11.2023 00:40:19;;109,56;;;
01.11.2023 00:40:21;;99,90;;104,65;
01.11.2023 00:40:21;;103,50;;;
01.11.2023 00:40:23;;;;;34,07
01.11.2023 00:40:25;;102,95;;;
01.11.2023 00:40:25;;99,90;;;
01.11.2023 00:40:27;;113,44;;105,70;
01.11.2023 00:40:27;;102,95;;;
01.11.2023 00:40:29;;116,98;;;
01.11.2023 00:40:29;;113,44;;;
01.11.2023 00:40:31;;113,36;57,16;106,84;
01.11.2023 00:40:31;;116,98;;;
01.11.2023 00:40:33;;110,05;56,10;;
01.11.2023 00:40:33;;113,36;;;
01.11.2023 00:40:35;;106,05;;;
01.11.2023 00:40:35;;110,05;;;
01.11.2023 00:40:37;;106,05;;;
01.11.2023 00:40:37;;101,72;;105,19;
01.11.2023 00:40:39;;99,10;;;
01.11.2023 00:40:41;;106,14;;;
01.11.2023 00:40:41;;99,10;;;
01.11.2023 00:40:43;;108,10;57,40;106,25;
01.11.2023 00:40:47;;105,97;56,23;;
01.11.2023 00:40:51;;104,39;;105,20;
01.11.2023 00:40:53;;101,70;;;
01.11.2023 00:40:55;;;55,22;;
01.11.2023 00:40:57;;103,71;;;
01.11.2023 00:40:59;;98,58;;;
01.11.2023 00:40:59;;103,71;;;
01.11.2023 00:41:01;;97,31;;;
01.11.2023 00:41:03;;100,55;56,63;104,12;
01.11.2023 00:41:03;;97,31;;;
01.11.2023 00:41:07;;104,14;;;
01.11.2023 00:41:07;;100,55;;;
01.11.2023 00:41:09;;104,14;;;
01.11.2023 00:41:09;;114,67;58,23;106,19;
01.11.2023 00:41:13;;108,46;56,61;;
01.11.2023 00:41:13;;114,67;;;
01.11.2023 00:41:15;;100,82;;105,01;
01.11.2023 00:41:15;;108,46;;;
01.11.2023 00:41:17;;94,52;55,32;;
01.11.2023 00:41:17;;100,82;;;
01.11.2023 00:41:19;;92,20;;;31,79
01.11.2023 00:41:21;;97,73;;;
01.11.2023 00:41:21;;92,20;;;
01.11.2023 00:41:23;;97,73;;;
01.11.2023 00:41:23;;108,91;;106,27;30,11
01.11.2023 00:41:25;;111,15;;;
01.11.2023 00:41:27;;109,00;;;28,72
01.11.2023 00:41:31;;105,44;;105,09;27,46
01.11.2023 00:41:31;;109,00;;;
01.11.2023 00:41:33;;96,85;;;
01.11.2023 00:41:33;;105,44;;;
01.11.2023 00:41:35;;98,00;;;
01.11.2023 00:41:37;;101,44;56,95;;
01.11.2023 00:41:37;;98,00;;;
01.11.2023 00:41:43;;103,65;;;26,33
01.11.2023 00:41:45;;;55,68;;
01.11.2023 00:41:47;;102,07;;103,99;
01.11.2023 00:41:49;;;;;25,24
01.11.2023 00:41:51;;106,47;;;
01.11.2023 00:41:51;;102,07;;;
01.11.2023 00:41:53;;100,47;54,48;101,05;
01.11.2023 00:41:53;;106,47;;;
01.11.2023 00:41:55;;94,91;;99,80;24,17
01.11.2023 00:41:55;;100,47;;;
01.11.2023 00:41:57;;93,49;;;
01.11.2023 00:41:59;;92,45;;;
01.11.2023 00:42:01;;93,58;;;
01.11.2023 00:42:03;;101,11;;;
01.11.2023 00:42:03;;93,58;;;
01.11.2023 00:42:05;;101,11;;;
01.11.2023 00:42:05;;111,42;;100,87;
01.11.2023 00:42:07;;;;;22,89
01.11.2023 00:42:09;;107,36;;;
01.11.2023 00:42:09;;111,42;;;
01.11.2023 00:42:11;;107,36;;;
01.11.2023 00:42:11;;103,12;;98,94;
01.11.2023 00:42:13;;96,33;52,90;;
01.11.2023 00:42:13;;103,12;;;
01.11.2023 00:42:15;;90,30;;97,14;21,66
01.11.2023 00:42:15;;96,33;;;
01.11.2023 00:42:17;;95,11;51,42;;
01.11.2023 00:42:17;;90,30;;;
01.11.2023 00:42:19;;95,11;;;
01.11.2023 00:42:19;;99,84;52,46;98,33;
01.11.2023 00:42:21;;105,00;;;
01.11.2023 00:42:21;;99,84;;;
01.11.2023 00:42:25;;106,72;;;
01.11.2023 00:42:27;;105,23;;;
01.11.2023 00:42:29;;102,21;;;20,60
01.11.2023 00:42:29;;105,23;;;
01.11.2023 00:42:31;;;;97,12;
01.11.2023 00:42:35;;96,32;;;
01.11.2023 00:42:35;;102,21;;;
01.11.2023 00:42:37;;88,29;;95,49;
01.11.2023 00:42:37;;96,32;;;
01.11.2023 00:42:39;;83,62;;;
01.11.2023 00:42:39;;88,29;;;
01.11.2023 00:42:41;;79,86;;94,07;
01.11.2023 00:42:41;;83,62;;;
01.11.2023 00:42:43;;84,15;;;
01.11.2023 00:42:43;;79,86;;;
01.11.2023 00:42:45;;97,85;;96,46;
01.11.2023 00:42:45;;84,15;;;
01.11.2023 00:42:47;;105,01;54,01;97,86;19,13
01.11.2023 00:42:47;;97,85;;;
01.11.2023 00:42:51;;;52,47;;
01.11.2023 00:42:53;;102,51;;;18,10
01.11.2023 00:42:55;;96,76;;;
01.11.2023 00:42:55;;102,51;;;
01.11.2023 00:42:57;;89,23;;95,86;
01.11.2023 00:42:57;;96,76;;;
01.11.2023 00:42:59;;93,05;;;
01.11.2023 00:42:59;;89,23;;;
01.11.2023 00:43:01;;93,05;;;
01.11.2023 00:43:01;;98,66;;96,90;
01.11.2023 00:43:03;;100,92;;;
01.11.2023 00:43:05;;104,35;;;
01.11.2023 00:43:05;;100,92;;;
01.11.2023 00:43:07;;108,42;53,61;;
01.11.2023 00:43:07;;104,35;;;
01.11.2023 00:43:09;;111,36;;98,52;
01.11.2023 00:43:13;;116,81;;100,02;
01.11.2023 00:43:13;;111,36;;;
01.11.2023 00:43:15;;118,04;;;
01.11.2023 00:43:17;;113,33;;;16,76
01.11.2023 00:43:17;;118,04;;;
01.11.2023 00:43:19;;108,92;;;
01.11.2023 00:43:19;;113,33;;;
01.11.2023 00:43:21;;110,12;;;
01.11.2023 00:43:23;;111,48;;;15,56
01.11.2023 00:43:25;;114,34;;;
01.11.2023 00:43:27;;114,34;;;
01.11.2023 00:43:27;;124,41;;102,22;
01.11.2023 00:43:29;;126,49;;;
01.11.2023 00:43:31;;121,11;55,33;;
01.11.2023 00:43:31;;126,49;;;
01.11.2023 00:43:33;;114,43;;;
01.11.2023 00:43:33;;121,11;;;
01.11.2023 00:43:35;;102,69;53,89;99,58;
01.11.2023 00:43:35;;114,43;;;
01.11.2023 00:43:37;;95,26;;;
01.11.2023 00:43:37;;102,69;;;
01.11.2023 00:43:39;;90,79;52,05;98,15;
01.11.2023 00:43:39;;95,26;;;
01.11.2023 00:43:41;;92,29;;;
01.11.2023 00:43:43;;95,11;;;
01.11.2023 00:43:45;;95,11;;;
01.11.2023 00:43:45;;98,17;;;
01.11.2023 00:43:47;;100,48;;;16,58
01.11.2023 00:43:49;;;53,66;;
01.11.2023 00:43:51;;;;97,06;
01.11.2023 00:43:53;;97,47;;95,79;
01.11.2023 00:43:53;;100,48;;;
01.11.2023 00:43:55;;90,19;52,36;;
01.11.2023 00:43:55;;97,47;;;
01.11.2023 00:43:57;;90,19;;;
01.11.2023 00:43:57;;84,79;;94,77;
01.11.2023 00:43:59;;82,07;;;
01.11.2023 00:44:01;;84,65;;;17,60
01.11.2023 00:44:03;;88,79;;96,40;
01.11.2023 00:44:03;;84,65;;;
01.11.2023 00:44:05;;91,66;;;
01.11.2023 00:44:07;;94,31;;;16,21
01.11.2023 00:44:09;;;;94,65;
01.11.2023 00:44:11;;92,82;51,31;;17,35
01.11.2023 00:44:13;;89,19;50,03;91,99;18,47
01.11.2023 00:44:13;;92,82;;;
01.11.2023 00:44:15;;80,03;;90,66;19,47
01.11.2023 00:44:15;;89,19;;;
01.11.2023 00:44:17;;74,29;;89,44;20,62
01.11.2023 00:44:17;;80,03;;;
01.11.2023 00:44:19;;73,02;;88,09;
01.11.2023 00:44:23;;75,81;;;
01.11.2023 00:44:25;;81,04;;;
01.11.2023 00:44:25;;75,81;;;
01.11.2023 00:44:27;;88,80;;89,80;
01.11.2023 00:44:27;;81,04;;;
01.11.2023 00:44:29;;92,01;;;
01.11.2023 00:44:29;;88,80;;;
01.11.2023 00:44:31;;93,25;;;
01.11.2023 00:44:33;;94,41;51,05;;
01.11.2023 00:44:35;;92,27;;;
01.11.2023 00:44:37;;87,25;49,57;;19,35
01.11.2023 00:44:37;;92,27;;;
01.11.2023 00:44:39;;82,42;;88,52;
01.11.2023 00:44:39;;87,25;;;
01.11.2023 00:44:41;;79,92;48,35;;
01.11.2023 00:44:43;;82,10;;;
01.11.2023 00:44:45;;87,36;;;
01.11.2023 00:44:45;;82,10;;;
01.11.2023 00:44:47;;88,99;49,53;90,19;
01.11.2023 00:44:49;;92,30;;;
01.11.2023 00:44:49;;88,99;;;
01.11.2023 00:44:53;;89,54;;;18,30
01.11.2023 00:44:55;;86,07;;;
01.11.2023 00:44:55;;89,54;;;
01.11.2023 00:44:57;;81,07;;;
01.11.2023 00:44:57;;86,07;;;
01.11.2023 00:44:59;;74,98;;88,90;
01.11.2023 00:44:59;;81,07;;;
01.11.2023 00:45:01;;70,02;;;
01.11.2023 00:45:01;;74,98;;;
01.11.2023 00:45:03;;77,29;;89,96;
01.11.2023 00:45:03;;70,02;;;
01.11.2023 00:45:05;;83,13;;;
01.11.2023 00:45:05;;77,29;;;
01.11.2023 00:45:07;;87,26;50,80;91,84;
01.11.2023 00:45:07;;83,13;;;
01.11.2023 00:45:09;;90,65;;;
01.11.2023 00:45:09;;87,26;;;
01.11.2023 00:45:11;;92,57;;;
01.11.2023 00:45:13;;91,35;;;
01.11.2023 00:45:15;;87,78;;;
01.11.2023 00:45:15;;91,35;;;
01.11.2023 00:45:17;;83,27;;;
01.11.2023 00:45:17;;87,78;;;
01.11.2023 00:45:19;;78,40;;90,38;
01.11.2023 00:45:19;;83,27;;;
01.11.2023 00:45:21;;73,93;;;
01.11.2023 00:45:21;;78,40;;;
01.11.2023 00:45:27;;77,24;;;
01.11.2023 00:45:27;;73,93;;;
01.11.2023 00:45:29;;81,97;;;
01.11.2023 00:45:29;;77,24;;;
01.11.2023 00:45:31;;86,45;;92,40;
01.11.2023 00:45:31;;81,97;;;
01.11.2023 00:45:33;;90,40;;;
01.11.2023 00:45:33;;86,45;;;
01.11.2023 00:45:35;;90,40;;;
01.11.2023 00:45:35;;93,52;;;
01.11.2023 00:45:37;;97,40;;;17,02
01.11.2023 00:45:37;;93,52;;;
01.11.2023 00:45:39;;96,09;;90,94;
01.11.2023 00:45:41;;90,71;49,59;;
01.11.2023 00:45:41;;96,09;;;
01.11.2023 00:45:43;;97,59;;;
01.11.2023 00:45:43;;90,71;;;
01.11.2023 00:45:47;;96,55;51,10;;
01.11.2023 00:45:49;;97,57;;;
01.11.2023 00:45:51;;96,42;;;15,67
01.11.2023 00:45:55;;;;92,47;
01.11.2023 00:45:57;;101,73;52,24;94,85;
01.11.2023 00:45:57;;96,42;;;
01.11.2023 00:45:59;;95,88;;;
01.11.2023 00:45:59;;101,73;;;
01.11.2023 00:46:01;;90,35;;93,61;17,86
01.11.2023 00:46:01;;95,88;;;
01.11.2023 00:46:03;;88,77;;;19,17
01.11.2023 00:46:05;;86,06;;;
01.11.2023 00:46:07;;87,28;;;20,43
01.11.2023 00:46:09;;92,25;;95,21;
01.11.2023 00:46:09;;87,28;;;
01.11.2023 00:46:11;;100,76;;96,83;
01.11.2023 00:46:11;;92,25;;;
01.11.2023 00:46:13;;102,70;;;
01.11.2023 00:46:15;;99,62;;;
01.11.2023 00:46:15;;102,70;;;
01.11.2023 00:46:17;;97,29;;;
01.11.2023 00:46:19;;90,08;;;
01.11.2023 00:46:19;;97,29;;;
01.11.2023 00:46:21;;84,85;;;21,58
01.11.2023 00:46:21;;90,08;;;
01.11.2023 00:46:23;;88,79;;95,71;
01.11.2023 00:46:23;;84,85;;;
01.11.2023 00:46:25;;96,19;53,86;96,76;
01.11.2023 00:46:25;;88,79;;;
01.11.2023 00:46:27;;99,57;;;22,77
01.11.2023 00:46:27;;96,19;;;
01.11.2023 00:46:31;;101,35;;;24,19
01.11.2023 00:46:35;;99,24;;;
01.11.2023 00:46:37;;103,78;;;25,25
01.11.2023 00:46:37;;99,24;;;
01.11.2023 00:46:39;;;;98,47;
01.11.2023 00:46:41;;102,50;52,19;;
01.11.2023 00:46:43;;99,71;;;
01.11.2023 00:46:45;;101,76;;97,38;
01.11.2023 00:46:47;;103,82;53,57;;
01.11.2023 00:46:51;;113,06;;;
01.11.2023 00:46:51;;103,82;;;
01.11.2023 00:46:53;;116,53;;98,99;
01.11.2023 00:46:53;;113,06;;;
01.11.2023 00:46:55;;114,69;;;
01.11.2023 00:46:57;;114,69;;;
01.11.2023 00:46:57;;106,29;;97,59;
01.11.2023 00:46:59;;98,78;;;
01.11.2023 00:46:59;;106,29;;;
01.11.2023 00:47:01;;89,68;51,74;95,65;
01.11.2023 00:47:01;;98,78;;;
01.11.2023 00:47:03;;82,23;;;26,54
01.11.2023 00:47:03;;89,68;;;
01.11.2023 00:47:05;;83,66;52,88;;
01.11.2023 00:47:07;;97,38;;98,20;
01.11.2023 00:47:07;;83,66;;;
01.11.2023 00:47:09;;104,68;;;
01.11.2023 00:47:09;;97,38;;;
01.11.2023 00:47:15;;100,69;;;
01.11.2023 00:47:15;;104,68;;;
01.11.2023 00:47:17;;94,59;;;
01.11.2023 00:47:17;;100,69;;;
01.11.2023 00:47:19;;97,90;;;
01.11.2023 00:47:19;;94,59;;;
01.11.2023 00:47:21;;96,58;54,10;;
01.11.2023 00:47:23;;95,43;;;
01.11.2023 00:47:25;;100,96;;;
01.11.2023 00:47:25;;95,43;;;
01.11.2023 00:47:27;;103,47;;99,36;
01.11.2023 00:47:29;;104,50;;;
01.11.2023 00:47:33;;112,14;;100,43;
01.11.2023 00:47:33;;104,50;;;
01.11.2023 00:47:35;;113,93;;;
01.11.2023 00:47:37;;108,59;;;
01.11.2023 00:47:37;;113,93;;;
01.11.2023 00:47:39;;108,59;;;
01.11.2023 00:47:39;;103,19;52,76;98,87;
01.11.2023 00:47:41;;96,50;;;
01.11.2023 00:47:41;;103,19;;;
01.11.2023 00:47:45;;99,68;;;
01.11.2023 00:47:45;;96,50;;;
01.11.2023 00:47:47;;111,88;53,82;101,18;
01.11.2023 00:47:47;;99,68;;;
01.11.2023 00:47:49;;117,21;;102,57;
01.11.2023 00:47:49;;111,88;;;
01.11.2023 00:47:51;;117,21;;;
01.11.2023 00:47:51;;114,09;55,86;;
01.11.2023 00:47:53;;109,19;;101,46;
01.11.2023 00:47:53;;114,09;;;
01.11.2023 00:47:55;;103,70;53,89;;
01.11.2023 00:47:55;;109,19;;;
01.11.2023 00:47:57;;95,34;;98,50;
01.11.2023 00:47:57;;103,70;;;
01.11.2023 00:47:59;;85,03;52,85;;
01.11.2023 00:47:59;;95,34;;;
01.11.2023 00:48:01;;91,87;;;
01.11.2023 00:48:01;;85,03;;;
01.11.2023 00:48:03;;97,92;54,34;99,57;
01.11.2023 00:48:03;;91,87;;;
01.11.2023 00:48:05;;100,00;;;
01.11.2023 00:48:07;;102,68;;;
01.11.2023 00:48:13;;99,32;;98,51;
01.11.2023 00:48:13;;102,68;;;
01.11.2023 00:48:15;;103,29;;;27,59
01.11.2023 00:48:15;;99,32;;;
01.11.2023 00:48:17;;97,45;;99,58;
01.11.2023 00:48:17;;103,29;;;
01.11.2023 00:48:19;;89,93;;;
01.11.2023 00:48:19;;97,45;;;
01.11.2023 00:48:21;;;52,87;97,73;
01.11.2023 00:48:25;;;54,61;;
01.11.2023 00:48:27;;93,60;;98,93;
01.11.2023 00:48:27;;89,93;;;
01.11.2023 00:48:29;;102,35;;100,06;
01.11.2023 00:48:29;;93,60;;;
01.11.2023 00:48:31;;111,41;;101,41;
01.11.2023 00:48:31;;102,35;;;
01.11.2023 00:48:33;;110,08;;;
01.11.2023 00:48:35;;104,48;53,16;99,79;
01.11.2023 00:48:35;;110,08;;;
01.11.2023 00:48:37;;94,70;;;
01.11.2023 00:48:37;;104,48;;;
01.11.2023 00:48:39;;94,70;;;
01.11.2023 00:48:39;;86,03;;98,62;
01.11.2023 00:48:41;;86,03;;;
01.11.2023 00:48:41;;81,67;;;
01.11.2023 00:48:43;;91,84;;;
01.11.2023 00:48:43;;81,67;;;
01.11.2023 00:48:45;;103,72;55,05;101,97;
01.11.2023 00:48:45;;91,84;;98,62;
01.11.2023 00:48:49;;105,73;;;
01.11.2023 00:48:51;;;;100,72;
01.11.2023 00:48:53;;99,83;;;
01.11.2023 00:48:53;;105,73;;;
01.11.2023 00:48:55;;97,82;53,49;99,13;
01.11.2023 00:48:57;;99,68;;;
01.11.2023 00:48:59;;96,73;;;
01.11.2023 00:49:01;;93,84;;100,25;
01.11.2023 00:49:03;;94,94;;;
01.11.2023 00:49:07;;;56,84;;
01.11.2023 00:49:07;;;53,49;;
01.11.2023 00:49:09;;100,85;58,73;101,46;
01.11.2023 00:49:09;;94,94;;;
01.11.2023 00:49:11;;104,70;59,98;;
01.11.2023 00:49:11;;100,85;;;
01.11.2023 00:49:13;;98,64;;;
01.11.2023 00:49:13;;104,70;;;
01.11.2023 00:49:15;;89,64;56,84;99,25;
01.11.2023 00:49:15;;98,64;59,98;;
01.11.2023 00:49:17;;89,64;;;
01.11.2023 00:49:17;;84,33;55,57;97,95;
01.11.2023 00:49:19;;80,00;54,53;;
01.11.2023 00:49:19;;84,33;;;
01.11.2023 00:49:23;;80,00;;;
01.11.2023 00:49:23;;85,10;;;
01.11.2023 00:49:25;;98,19;;100,23;
01.11.2023 00:49:25;;85,10;;;
01.11.2023 00:49:27;;104,27;;;
01.11.2023 00:49:27;;98,19;;;
01.11.2023 00:49:29;;100,59;;;
01.11.2023 00:49:29;;104,27;;;
01.11.2023 00:49:31;;98,86;53,37;;
01.11.2023 00:49:33;;93,11;;98,62;25,83
01.11.2023 00:49:33;;98,86;;;
01.11.2023 00:49:35;;86,11;;;24,24
01.11.2023 00:49:35;;93,11;;;
01.11.2023 00:49:37;;84,16;;96,58;
01.11.2023 00:49:39;;85,84;;;22,95
01.11.2023 00:49:41;;;54,95;97,81;
01.11.2023 00:49:43;;;;;21,54
01.11.2023 00:49:45;;89,56;56,02;98,98;
01.11.2023 00:49:45;;85,84;;;
01.11.2023 00:49:47;;89,56;;;
01.11.2023 00:49:47;;93,23;;;
01.11.2023 00:49:49;;95,79;;100,08;20,43
01.11.2023 00:49:51;;101,55;;;
01.11.2023 00:49:51;;95,79;;;
01.11.2023 00:49:53;;105,01;;101,69;
01.11.2023 00:49:53;;101,55;;;
01.11.2023 00:49:55;;;;102,71;
01.11.2023 00:49:57;;105,01;;;
01.11.2023 00:49:57;;97,98;54,97;;19,06
01.11.2023 00:49:59;;97,98;;;
01.11.2023 00:49:59;;91,46;;101,27;
01.11.2023 00:50:01;;87,70;;;
01.11.2023 00:50:01;;91,46;;;
01.11.2023 00:50:05;;91,98;;;
01.11.2023 00:50:05;;87,70;;;
01.11.2023 00:50:07;;105,39;56,65;102,77;
01.11.2023 00:50:07;;91,98;;;
01.11.2023 00:50:09;;110,39;;;18,04
01.11.2023 00:50:09;;105,39;;;
01.11.2023 00:50:11;;108,84;;;
01.11.2023 00:50:13;;105,86;;;
01.11.2023 00:50:15;;100,69;54,79;101,28;
01.11.2023 00:50:15;;105,86;;;
01.11.2023 00:50:17;;100,69;;;
01.11.2023 00:50:17;;89,38;;99,22;
01.11.2023 00:50:19;;86,67;52,90;;
01.11.2023 00:50:21;;88,39;;;
01.11.2023 00:50:23;;89,56;;;
01.11.2023 00:50:25;;91,78;;;
01.11.2023 00:50:27;;96,48;;;
01.11.2023 00:50:27;;91,78;;;
01.11.2023 00:50:29;;98,05;;;16,67
01.11.2023 00:50:31;;;54,02;;
01.11.2023 00:50:33;;102,85;;;
01.11.2023 00:50:33;;98,05;;;
01.11.2023 00:50:35;;105,57;;;
01.11.2023 00:50:37;;99,41;52,78;;
01.11.2023 00:50:37;;105,57;;;
01.11.2023 00:50:39;;85,63;;96,98;
01.11.2023 00:50:39;;99,41;;;
01.11.2023 00:50:41;;79,34;;95,89;
01.11.2023 00:50:41;;85,63;;;
01.11.2023 00:50:43;;76,25;51,60;94,24;
01.11.2023 00:50:43;;79,34;;;
01.11.2023 00:50:45;;80,28;;;
01.11.2023 00:50:45;;76,25;;;
01.11.2023 00:50:47;;92,99;;95,84;
01.11.2023 00:50:47;;80,28;;;
01.11.2023 00:50:49;;102,43;53,68;97,05;
01.11.2023 00:50:49;;92,99;;;
01.11.2023 00:50:51;;104,16;;;
01.11.2023 00:50:53;;;;;15,48
01.11.2023 00:50:55;;100,03;;;
01.11.2023 00:50:55;;104,16;;;
01.11.2023 00:50:57;;94,22;54,84;;
01.11.2023 00:50:57;;100,03;;;
01.11.2023 00:50:59;;88,30;52,99;95,96;
01.11.2023 00:50:59;;94,22;;;
01.11.2023 00:51:01;;91,83;;;14,18
01.11.2023 00:51:01;;88,30;;;
01.11.2023 00:51:03;;93,92;51,84;;
01.11.2023 00:51:07;;95,72;;;
01.11.2023 00:51:09;;100,04;;;
01.11.2023 00:51:09;;95,72;;;
01.11.2023 00:51:11;;102,08;;;
01.11.2023 00:51:15;;102,08;;;
01.11.2023 00:51:15;;108,23;;;
01.11.2023 00:51:17;;104,32;;;
01.11.2023 00:51:17;;108,23;;;
01.11.2023 00:51:19;;94,40;;;
01.11.2023 00:51:19;;104,32;;;
01.11.2023 00:51:21;;88,27;;94,47;
01.11.2023 00:51:21;;94,40;;;
01.11.2023 00:51:23;;87,16;50,80;;15,19
01.11.2023 00:51:29;;94,70;52,00;96,46;
01.11.2023 00:51:29;;87,16;;;
01.11.2023 00:51:31;;109,48;53,76;97,74;
01.11.2023 00:51:31;;94,70;;;
01.11.2023 00:51:35;;104,89;;;
01.11.2023 00:51:35;;109,48;;;
01.11.2023 00:51:37;;101,50;;96,74;
01.11.2023 00:51:37;;104,89;;;
01.11.2023 00:51:39;;94,21;52,31;;17,00
01.11.2023 00:51:39;;101,50;;;
01.11.2023 00:51:41;;86,62;;95,30;18,25
01.11.2023 00:51:41;;94,21;;;
01.11.2023 00:51:43;;91,20;;;19,33
01.11.2023 00:51:43;;86,62;;;
01.11.2023 00:51:45;;99,37;53,47;97,14;
01.11.2023 00:51:45;;91,20;;;
01.11.2023 00:51:49;;102,95;;;
01.11.2023 00:51:49;;99,37;;;
01.11.2023 00:51:53;;100,43;;;
01.11.2023 00:51:55;;;;;20,95
01.11.2023 00:51:57;;104,74;;98,31;22,21
01.11.2023 00:51:57;;100,43;;;
01.11.2023 00:51:59;;99,92;;;23,40
01.11.2023 00:51:59;;104,74;;;
01.11.2023 00:52:01;;94,72;52,12;;
01.11.2023 00:52:01;;99,92;;;
01.11.2023 00:52:03;;95,74;53,72;;24,77
01.11.2023 00:52:05;;;;100,41;
01.11.2023 00:52:07;;;;;26,20
01.11.2023 00:52:09;;102,68;55,42;102,17;
01.11.2023 00:52:09;;95,74;;;
01.11.2023 00:52:11;;111,37;;103,52;
01.11.2023 00:52:11;;102,68;;;
01.11.2023 00:52:13;;109,82;;;27,51
01.11.2023 00:52:15;;102,29;;102,03;
01.11.2023 00:52:15;;109,82;;;
01.11.2023 00:52:17;NaN;96,07;55,05;101,46;28,12
01.11.2023 00:52:17;;102,29;;;
01.11.2023 00:52:19;;86,80;;99,48;
01.11.2023 00:52:19;;96,07;;;
01.11.2023 00:52:21;;84,06;;;
01.11.2023 00:52:23;;93,55;53,68;;29,45
01.11.2023 00:52:23;;84,06;;;
01.11.2023 00:52:25;;99,13;;101,46;
01.11.2023 00:52:25;;93,55;;;
01.11.2023 00:52:27;;101,13;;;
01.11.2023 00:52:31;;;;;28,35
01.11.2023 00:52:33;;98,62;;99,73;
01.11.2023 00:52:35;;93,59;52,47;98,65;
01.11.2023 00:52:35;;98,62;;;
01.11.2023 00:52:39;;95,40;53,79;;
01.11.2023 00:52:41;;94,22;;;
01.11.2023 00:52:43;;95,41;;;
01.11.2023 00:52:45;;;;100,03;
01.11.2023 00:52:49;;96,81;;;
01.11.2023 00:52:51;;102,47;;;
01.11.2023 00:52:51;;96,81;;;
01.11.2023 00:52:53;;105,10;;;
01.11.2023 00:52:55;;101,17;;;
01.11.2023 00:52:55;;105,10;;;
01.11.2023 00:52:57;;97,31;;;
01.11.2023 00:52:57;;101,17;;;
01.11.2023 00:52:59;;92,68;52,56;;
01.11.2023 00:52:59;;97,31;;;
01.11.2023 00:53:01;;;;98,88;
01.11.2023 00:53:03;;93,87;;;29,43
01.11.2023 00:53:05;;99,27;;;
01.11.2023 00:53:05;;93,87;;;
01.11.2023 00:53:07;;111,08;;99,97;
01.11.2023 00:53:07;;99,27;;;
01.11.2023 00:53:09;;112,97;53,95;;
01.11.2023 00:53:11;;108,74;;;
01.11.2023 00:53:11;;112,97;;;
01.11.2023 00:53:13;;104,70;;98,69;
01.11.2023 00:53:13;;108,74;;;
01.11.2023 00:53:15;;100,72;;;
01.11.2023 00:53:15;;104,70;;;
01.11.2023 00:53:17;;92,70;;97,10;
01.11.2023 00:53:17;;100,72;;;
01.11.2023 00:53:19;;101,19;;;
01.11.2023 00:53:19;;92,70;;;
01.11.2023 00:53:21;;105,25;;;
01.11.2023 00:53:21;;101,19;;;
01.11.2023 00:53:25;;104,17;;;
01.11.2023 00:53:29;;99,92;;;
01.11.2023 00:53:29;;104,17;;;
01.11.2023 00:53:31;;95,70;;95,93;
01.11.2023 00:53:31;;99,92;;;
01.11.2023 00:53:33;;101,04;54,98;97,61;
01.11.2023 00:53:33;;95,70;;;
01.11.2023 00:53:37;;94,76;53,66;;
01.11.2023 00:53:37;;101,04;;;
01.11.2023 00:53:39;;89,86;;;
01.11.2023 00:53:39;;94,76;;;
01.11.2023 00:53:41;;85,65;52,32;95,91;
01.11.2023 00:53:41;;89,86;;;
01.11.2023 00:53:43;;78,99;;;30,51
01.11.2023 00:53:43;;85,65;;;
01.11.2023 00:53:45;;73,51;;;
01.11.2023 00:53:45;;78,99;;;
01.11.2023 00:53:47;;79,08;;;
01.11.2023 00:53:47;;73,51;;;
01.11.2023 00:53:51;;75,25;;;
01.11.2023 00:53:51;;79,08;;;
01.11.2023 00:53:53;;;;94,79;
01.11.2023 00:53:57;;72,58;51,16;93,66;
01.11.2023 00:53:59;;69,63;49,81;92,62;31,53
01.11.2023 00:54:01;;76,19;;;
01.11.2023 00:54:01;;69,63;;;
01.11.2023 00:54:05;;73,50;;90,42;
01.11.2023 00:54:07;;70,98;;88,98;
01.11.2023 00:54:11;;;48,71;;
01.11.2023 00:54:13;;73,10;49,91;;
01.11.2023 00:54:15;;83,96;;;
01.11.2023 00:54:15;;73,10;;;
01.11.2023 00:54:17;;;51,04;91,12;
01.11.2023 00:54:19;;77,98;;92,38;
01.11.2023 00:54:19;;83,96;;;
01.11.2023 00:54:21;;73,20;;91,14;
01.11.2023 00:54:21;;77,98;;;
01.11.2023 00:54:23;;68,71;49,79;;30,43
01.11.2023 00:54:23;;73,20;;;
01.11.2023 00:54:25;;63,07;;89,90;
01.11.2023 00:54:25;;68,71;;;
01.11.2023 00:54:27;;58,83;;;
01.11.2023 00:54:27;;63,07;;;
01.11.2023 00:54:29;;64,73;;;
01.11.2023 00:54:29;;58,83;;;
01.11.2023 00:54:31;;65,80;;91,28;
01.11.2023 00:54:37;;63,87;;;
01.11.2023 00:54:39;;61,56;;;
01.11.2023 00:54:41;;61,56;;;
01.11.2023 00:54:41;;57,47;;;
01.11.2023 00:54:43;;53,68;;;
01.11.2023 00:54:43;;57,47;;;
01.11.2023 00:54:45;;49,63;;89,76;
01.11.2023 00:54:45;;53,68;;;
01.11.2023 00:54:47;;47,56;;;
01.11.2023 00:54:49;;46,47;;88,67;
01.11.2023 00:54:51;;48,39;;;
01.11.2023 00:54:53;;51,34;;;
01.11.2023 00:54:55;;53,29;;90,48;29,37
01.11.2023 00:54:59;;51,87;;;
01.11.2023 00:55:01;;47,61;;;
01.11.2023 00:55:01;;51,87;;;
01.11.2023 00:55:03;;45,05;;;
01.11.2023 00:55:05;;42,53;50,80;;
01.11.2023 00:55:09;;43,53;49,70;;
01.11.2023 00:55:13;;46,15;;;
01.11.2023 00:55:15;;51,33;;;
01.11.2023 00:55:15;;46,15;;;
01.11.2023 00:55:17;;58,95;48,59;;
01.11.2023 00:55:17;;51,33;;;
01.11.2023 00:55:19;;61,62;;;
01.11.2023 00:55:21;;63,65;50,05;;
01.11.2023 00:55:23;;;;;27,40
01.11.2023 00:55:25;;;;;26,34
01.11.2023 00:55:27;;61,70;;;
01.11.2023 00:55:29;;60,08;;;25,06
01.11.2023 00:55:35;;62,27;;;23,74
01.11.2023 00:55:37;;65,08;;;
01.11.2023 00:55:41;;63,36;;;22,69
01.11.2023 00:55:43;;60,54;;;
01.11.2023 00:55:45;;57,09;;;20,86
01.11.2023 00:55:45;;60,54;;;
01.11.2023 00:55:47;;55,98;;;
01.11.2023 00:55:49;;;;;19,68
01.11.2023 00:55:53;;57,35;;;
01.11.2023 00:55:55;;62,53;;91,80;
01.11.2023 00:55:55;;57,35;;;
01.11.2023 00:55:57;;69,84;51,96;;
01.11.2023 00:55:57;;62,53;;;
01.11.2023 00:55:59;;76,36;;;
01.11.2023 00:55:59;;69,84;;;
01.11.2023 00:56:01;;81,28;;93,56;18,29
01.11.2023 00:56:01;;76,36;;;
01.11.2023 00:56:03;;78,39;;;
01.11.2023 00:56:05;;74,32;;;
01.11.2023 00:56:05;;78,39;;;
01.11.2023 00:56:07;;72,70;50,78;92,45;
01.11.2023 00:56:09;;67,99;;;
01.11.2023 00:56:09;;72,70;;;
01.11.2023 00:56:11;;64,35;;91,23;
01.11.2023 00:56:11;;67,99;;;
01.11.2023 00:56:13;;74,73;;;
01.11.2023 00:56:13;;64,35;;;
01.11.2023 00:56:15;;79,69;52,05;92,67;17,29
01.11.2023 00:56:15;;74,73;;;
01.11.2023 00:56:19;;78,21;50,61;;
01.11.2023 00:56:21;;75,12;;;
01.11.2023 00:56:21;;78,21;;;
01.11.2023 00:56:23;;71,05;;91,48;18,86
01.11.2023 00:56:23;;75,12;;;
01.11.2023 00:56:27;;80,48;;;20,38
01.11.2023 00:56:27;;71,05;;;
01.11.2023 00:56:29;;77,74;;;
01.11.2023 00:56:31;;73,63;;89,49;
01.11.2023 00:56:31;;77,74;;;
01.11.2023 00:56:33;;;49,18;;
01.11.2023 00:56:35;;73,63;;;
01.11.2023 00:56:35;;69,46;47,87;87,27;
01.11.2023 00:56:37;;66,24;;;
01.11.2023 00:56:37;;69,46;;;
01.11.2023 00:56:39;;67,38;;85,50;
01.11.2023 00:56:41;;72,69;;;
01.11.2023 00:56:41;;67,38;;;
01.11.2023 00:56:43;;72,69;;;
01.11.2023 00:56:43;;69,68;;;
01.11.2023 00:56:45;;64,28;;84,16;
01.11.2023 00:56:45;;69,68;;;
01.11.2023 00:56:49;;59,26;;83,02;
01.11.2023 00:56:49;;64,28;;;
01.11.2023 00:56:51;;55,76;;;19,32
01.11.2023 00:56:51;;59,26;;;
01.11.2023 00:56:53;;60,56;;;
01.11.2023 00:56:53;;55,76;;;
01.11.2023 00:56:55;;63,25;;;
01.11.2023 00:56:57;;61,46;;;
01.11.2023 00:56:59;;58,53;46,51;;
01.11.2023 00:57:01;;60,13;;;
01.11.2023 00:57:03;;56,43;;79,93;
01.11.2023 00:57:03;;60,13;;83,02;
01.11.2023 00:57:05;;50,07;;77,32;
01.11.2023 00:57:05;;56,43;;;
01.11.2023 00:57:07;;55,41;;75,68;18,08
01.11.2023 00:57:07;;50,07;;;
01.11.2023 00:57:09;;;;74,43;
01.11.2023 00:57:11;;51,75;45,07;72,57;
01.11.2023 00:57:11;;55,41;;;
01.11.2023 00:57:13;;49,34;44,03;;16,89
01.11.2023 00:57:15;;51,29;;;
01.11.2023 00:57:17;;47,01;;70,69;
01.11.2023 00:57:17;;51,29;;;
01.11.2023 00:57:19;;44,21;;;
01.11.2023 00:57:21;;47,42;;69,38;
01.11.2023 00:57:21;;44,21;;;
01.11.2023 00:57:23;;52,81;;70,94;
01.11.2023 00:57:23;;47,42;;;
01.11.2023 00:57:25;;49,22;42,88;;
01.11.2023 00:57:25;;52,81;;;
01.11.2023 00:57:27;;;;69,12;
01.11.2023 00:57:29;;51,57;;;
01.11.2023 00:57:31;;48,67;41,76;;
01.11.2023 00:57:33;;45,77;;;
01.11.2023 00:57:35;;42,97;;;
01.11.2023 00:57:37;;52,18;42,99;70,28;
01.11.2023 00:57:37;;42,97;;;
01.11.2023 00:57:39;;50,40;;;
01.11.2023 00:57:41;;47,16;;68,24;
01.11.2023 00:57:41;;50,40;;;
01.11.2023 00:57:43;;50,08;;;
01.11.2023 00:57:45;;45,34;;;
01.11.2023 00:57:45;;50,08;;;
01.11.2023 00:57:47;;42,63;;;
01.11.2023 00:57:49;;43,89;;;18,41
01.11.2023 00:57:51;;51,53;;69,58;
01.11.2023 00:57:51;;43,89;;;
01.11.2023 00:57:53;;47,37;41,90;;
01.11.2023 00:57:53;;51,53;;;
01.11.2023 00:57:55;;45,83;;68,18;
01.11.2023 00:57:57;;45,83;;;
01.11.2023 00:57:57;;41,64;;;19,54
01.11.2023 00:57:59;;43,16;;;
01.11.2023 00:58:01;;40,74;;67,01;
01.11.2023 00:58:03;;39,49;;;
01.11.2023 00:58:05;;47,87;;;
01.11.2023 00:58:05;;39,49;;;
01.11.2023 00:58:07;;51,52;;68,35;
01.11.2023 00:58:07;;47,87;;;
01.11.2023 00:58:09;;49,90;;;
01.11.2023 00:58:11;;48,01;40,76;67,26;18,54
01.11.2023 00:58:13;;51,77;;;
01.11.2023 00:58:13;;48,01;;;
01.11.2023 00:58:15;;46,96;;;
01.11.2023 00:58:15;;51,77;;;
01.11.2023 00:58:17;;44,91;;;
01.11.2023 00:58:19;;54,94;;;
01.11.2023 00:58:19;;44,91;;;
01.11.2023 00:58:21;;56,47;41,78;;
01.11.2023 00:58:23;;56,47;;;
01.11.2023 00:58:23;;53,07;;;
01.11.2023 00:58:25;;51,32;;;
01.11.2023 00:58:29;;48,43;;;
01.11.2023 00:58:31;;45,69;;;
01.11.2023 00:58:33;;45,69;;;
01.11.2023 00:58:33;;55,81;;68,75;
01.11.2023 00:58:35;;54,03;;;
01.11.2023 00:58:37;;47,94;;;
01.11.2023 00:58:37;;54,03;;;
01.11.2023 00:58:41;;44,11;;;
01.11.2023 00:58:41;;47,94;;;
01.11.2023 00:58:43;;40,58;;;
01.11.2023 00:58:43;;44,11;;;
01.11.2023 00:58:45;;37,72;;;
01.11.2023 00:58:47;;47,73;42,78;;
01.11.2023 00:58:47;;37,72;;;
01.11.2023 00:58:49;;48,77;;69,97;
01.11.2023 00:58:51;;44,05;;;
01.11.2023 00:58:51;;48,77;;;
01.11.2023 00:58:53;;45,96;;;
01.11.2023 00:58:55;;43,31;;;
01.11.2023 00:58:57;;41,74;;;
01.11.2023 00:58:59;;40,29;;68,70;
01.11.2023 00:59:01;;50,47;;70,47;
01.11.2023 00:59:01;;40,29;;;
01.11.2023 00:59:03;;47,25;;;
01.11.2023 00:59:03;;50,47;;;
01.11.2023 00:59:05;;45,49;;;
01.11.2023 00:59:07;;43,97;;;
01.11.2023 00:59:09;;46,33;;;
01.11.2023 00:59:13;;54,93;;;
01.11.2023 00:59:13;;46,33;;;
01.11.2023 00:59:15;;70,77;44,07;71,83;
01.11.2023 00:59:15;;54,93;;;
01.11.2023 00:59:17;;82,22;;76,05;
01.11.2023 00:59:17;;70,77;;71,83;
01.11.2023 00:59:19;;85,53;45,38;;
01.11.2023 00:59:19;;82,22;;;
01.11.2023 00:59:21;;83,88;;;
01.11.2023 00:59:23;;81,72;;77,41;17,27
01.11.2023 00:59:25;;75,39;;;
01.11.2023 00:59:25;;81,72;;;
01.11.2023 00:59:27;;71,32;46,97;78,53;
01.11.2023 00:59:27;;75,39;;;
01.11.2023 00:59:29;;74,53;;80,32;
01.11.2023 00:59:29;;71,32;;;
01.11.2023 00:59:31;;70,42;;;
01.11.2023 00:59:31;;74,53;;;
01.11.2023 00:59:33;;63,88;;;
01.11.2023 00:59:33;;70,42;;;
01.11.2023 00:59:35;;61,62;;;
01.11.2023 00:59:37;;59,18;;;
01.11.2023 00:59:39;;63,25;48,52;81,39;
01.11.2023 00:59:39;;59,18;;;
01.11.2023 00:59:41;;69,33;;;
01.11.2023 00:59:41;;63,25;;;
01.11.2023 00:59:43;;69,33;;;
01.11.2023 00:59:43;;87,27;50,36;84,20;
01.11.2023 00:59:45;;89,79;;;
01.11.2023 00:59:47;;86,64;;;
01.11.2023 00:59:47;;89,79;;;
01.11.2023 00:59:49;;85,18;;;16,01
01.11.2023 00:59:51;;78,31;;;
01.11.2023 00:59:51;;85,18;;;
01.11.2023 00:59:53;;71,43;;85,35;
01.11.2023 00:59:53;;78,31;;;
01.11.2023 00:59:55;;67,82;49,29;;
01.11.2023 00:59:55;;71,43;;;
01.11.2023 00:59:57;;72,38;50,51;86,69;17,22
01.11.2023 00:59:57;;67,82;;;
01.11.2023 00:59:59;;68,79;;;
01.11.2023 00:59:59;;72,38;;;
